Date,Region,Product,Employee,Quantity,Unit Price,Total Sale
2024-01-01,Suburb,Double Patty Burger,Charlie,5,10.97,54.85
2024-01-01,Uptown,Veggie Burger,Charlie,3,13.66,40.98
2024-01-01,Suburb,Veggie Burger,Evan,2,12.22,24.44
2024-01-01,Uptown,Cheese Burger,Diana,5,11.17,55.85
2024-01-01,Uptown,Double Patty Burger,Diana,1,7.91,7.91
2024-01-01,Midtown,Cheese Burger,Diana,4,8.66,34.64
2024-01-01,Uptown,Veggie Burger,Diana,4,10.92,43.68
2024-01-01,Midtown,Double Patty Burger,Charlie,5,9.5,47.5
2024-01-01,Uptown,Chicken Burger,Alice,4,10.63,42.52
2024-01-01,Uptown,Classic Burger,Bob,5,7.31,36.55
2024-01-01,Suburb,Chicken Burger,Diana,5,13.33,66.65
2024-01-02,Uptown,Classic Burger,Diana,2,11.63,23.26
2024-01-02,Uptown,Cheese Burger,Diana,5,14.7,73.5
2024-01-02,Uptown,Chicken Burger,Bob,2,13.95,27.9
2024-01-02,Uptown,Chicken Burger,Alice,5,8.89,44.45
2024-01-02,Uptown,Double Patty Burger,Bob,1,7.81,7.81
2024-01-02,Suburb,Double Patty Burger,Alice,5,13.02,65.1
2024-01-02,Downtown,Classic Burger,Alice,1,6.99,6.99
2024-01-03,Midtown,Veggie Burger,Charlie,1,12.11,12.11
2024-01-03,Midtown,Classic Burger,Charlie,5,14.26,71.3
2024-01-03,Uptown,Classic Burger,Diana,1,11.23,11.23
2024-01-03,Uptown,Classic Burger,Evan,3,10.91,32.73
2024-01-03,Uptown,Veggie Burger,Charlie,1,8.83,8.83
2024-01-03,Midtown,Veggie Burger,Alice,5,10.61,53.05
2024-01-03,Midtown,Veggie Burger,Alice,2,5.25,10.5
2024-01-03,Downtown,Veggie Burger,Alice,4,10.63,42.52
2024-01-03,Suburb,Double Patty Burger,Evan,3,7.03,21.09
2024-01-03,Downtown,Veggie Burger,Charlie,4,14.3,57.2
2024-01-03,Downtown,Classic Burger,Evan,4,13.04,52.16
2024-01-03,Suburb,Chicken Burger,Charlie,2,6.22,12.44
2024-01-04,Midtown,Classic Burger,Alice,1,11.48,11.48
2024-01-04,Downtown,Chicken Burger,Evan,1,8.05,8.05
2024-01-04,Uptown,Veggie Burger,Alice,5,11.92,59.6
2024-01-04,Uptown,Chicken Burger,Charlie,1,9.04,9.04
2024-01-04,Uptown,Classic Burger,Bob,4,7.47,29.88
2024-01-04,Midtown,Cheese Burger,Charlie,1,6.48,6.48
2024-01-04,Suburb,Classic Burger,Charlie,1,14.77,14.77
2024-01-04,Suburb,Double Patty Burger,Alice,1,7.4,7.4
2024-01-04,Uptown,Double Patty Burger,Diana,2,14.86,29.72
2024-01-04,Suburb,Chicken Burger,Charlie,3,7.42,22.26
2024-01-04,Uptown,Double Patty Burger,Diana,2,11.34,22.68
2024-01-04,Midtown,Classic Burger,Alice,4,10.08,40.32
2024-01-04,Suburb,Double Patty Burger,Charlie,4,8.26,33.04
2024-01-05,Midtown,Cheese Burger,Charlie,3,8.49,25.47
2024-01-05,Midtown,Chicken Burger,Alice,1,8.98,8.98
2024-01-05,Midtown,Cheese Burger,Alice,3,8.41,25.23
2024-01-05,Downtown,Cheese Burger,Bob,3,7.29,21.87
2024-01-05,Suburb,Cheese Burger,Alice,4,10.3,41.2
2024-01-05,Uptown,Classic Burger,Diana,5,14.0,70.0
2024-01-05,Midtown,Classic Burger,Alice,3,12.0,36.0
2024-01-05,Suburb,Veggie Burger,Diana,1,11.42,11.42
2024-01-06,Suburb,Chicken Burger,Diana,3,8.72,26.16
2024-01-06,Downtown,Veggie Burger,Alice,5,7.84,39.2
2024-01-06,Uptown,Cheese Burger,Bob,3,11.52,34.56
2024-01-06,Downtown,Chicken Burger,Alice,4,7.37,29.48
2024-01-06,Downtown,Chicken Burger,Charlie,1,8.08,8.08
2024-01-07,Uptown,Double Patty Burger,Charlie,3,9.34,28.02
2024-01-07,Downtown,Classic Burger,Diana,1,6.95,6.95
2024-01-07,Downtown,Veggie Burger,Diana,3,12.69,38.07
2024-01-07,Suburb,Classic Burger,Diana,4,9.7,38.8
2024-01-07,Uptown,Double Patty Burger,Charlie,4,5.15,20.6
2024-01-07,Suburb,Double Patty Burger,Alice,5,10.72,53.6
2024-01-07,Suburb,Classic Burger,Diana,5,8.85,44.25
2024-01-08,Downtown,Veggie Burger,Bob,1,8.95,8.95
2024-01-08,Uptown,Cheese Burger,Charlie,2,11.15,22.3
2024-01-08,Uptown,Cheese Burger,Charlie,2,13.77,27.54
2024-01-08,Downtown,Classic Burger,Alice,3,12.09,36.27
2024-01-08,Midtown,Double Patty Burger,Bob,2,13.1,26.2
2024-01-08,Downtown,Double Patty Burger,Diana,2,5.05,10.1
2024-01-08,Suburb,Double Patty Burger,Diana,1,5.71,5.71
2024-01-08,Uptown,Chicken Burger,Charlie,4,10.79,43.16
2024-01-08,Suburb,Veggie Burger,Alice,2,10.43,20.86
2024-01-08,Downtown,Cheese Burger,Bob,1,5.37,5.37
2024-01-08,Uptown,Veggie Burger,Diana,5,10.22,51.1
2024-01-09,Suburb,Chicken Burger,Diana,5,9.57,47.85
2024-01-09,Uptown,Double Patty Burger,Diana,3,11.37,34.11
2024-01-09,Suburb,Double Patty Burger,Bob,4,12.15,48.6
2024-01-09,Midtown,Classic Burger,Charlie,4,12.44,49.76
2024-01-09,Uptown,Double Patty Burger,Bob,5,5.81,29.05
2024-01-09,Midtown,Classic Burger,Diana,5,5.58,27.9
2024-01-09,Uptown,Classic Burger,Bob,1,11.6,11.6
2024-01-09,Downtown,Classic Burger,Evan,5,11.12,55.6
2024-01-09,Midtown,Veggie Burger,Diana,2,8.56,17.12
2024-01-10,Uptown,Classic Burger,Evan,4,5.46,21.84
2024-01-10,Downtown,Chicken Burger,Evan,4,5.17,20.68
2024-01-10,Uptown,Double Patty Burger,Diana,1,9.65,9.65
2024-01-10,Downtown,Cheese Burger,Bob,5,13.87,69.35
2024-01-10,Suburb,Cheese Burger,Bob,3,10.03,30.09
2024-01-10,Downtown,Double Patty Burger,Evan,4,11.16,44.64
2024-01-10,Suburb,Cheese Burger,Alice,4,10.86,43.44
2024-01-10,Midtown,Chicken Burger,Diana,2,10.73,21.46
2024-01-10,Downtown,Classic Burger,Evan,3,13.21,39.63
2024-01-11,Downtown,Classic Burger,Bob,3,6.96,20.88
2024-01-11,Downtown,Chicken Burger,Bob,5,5.94,29.7
2024-01-11,Midtown,Classic Burger,Bob,5,13.45,67.25
2024-01-11,Uptown,Cheese Burger,Charlie,1,9.96,9.96
2024-01-11,Uptown,Double Patty Burger,Bob,5,14.37,71.85
2024-01-11,Suburb,Chicken Burger,Alice,5,14.68,73.4
2024-01-11,Suburb,Cheese Burger,Evan,1,10.69,10.69
2024-01-12,Downtown,Veggie Burger,Diana,2,7.5,15.0
2024-01-12,Suburb,Double Patty Burger,Diana,1,11.8,11.8
2024-01-12,Midtown,Classic Burger,Charlie,1,8.78,8.78
2024-01-12,Downtown,Chicken Burger,Alice,5,13.96,69.8
2024-01-12,Downtown,Chicken Burger,Diana,5,14.05,70.25
2024-01-12,Suburb,Classic Burger,Diana,4,10.73,42.92
2024-01-12,Midtown,Double Patty Burger,Evan,3,11.02,33.06
2024-01-13,Midtown,Double Patty Burger,Diana,5,12.92,64.6
2024-01-13,Downtown,Double Patty Burger,Evan,2,14.74,29.48
2024-01-13,Uptown,Cheese Burger,Evan,3,13.88,41.64
2024-01-13,Midtown,Veggie Burger,Bob,4,11.88,47.52
2024-01-13,Uptown,Chicken Burger,Alice,5,13.38,66.9
2024-01-13,Uptown,Double Patty Burger,Bob,1,13.22,13.22
2024-01-13,Uptown,Cheese Burger,Evan,5,5.85,29.25
2024-01-13,Midtown,Double Patty Burger,Alice,4,7.37,29.48
2024-01-14,Downtown,Double Patty Burger,Diana,4,8.76,35.04
2024-01-14,Midtown,Veggie Burger,Evan,4,10.58,42.32
2024-01-14,Midtown,Cheese Burger,Bob,3,6.11,18.33
2024-01-14,Midtown,Double Patty Burger,Evan,2,9.69,19.38
2024-01-14,Uptown,Chicken Burger,Diana,5,13.23,66.15
2024-01-14,Midtown,Classic Burger,Charlie,5,7.38,36.9
2024-01-14,Downtown,Chicken Burger,Alice,1,13.69,13.69
2024-01-14,Uptown,Double Patty Burger,Bob,4,14.78,59.12
2024-01-14,Downtown,Double Patty Burger,Evan,5,14.93,74.65
2024-01-14,Downtown,Chicken Burger,Charlie,3,14.69,44.07
2024-01-14,Uptown,Classic Burger,Alice,1,11.28,11.28
2024-01-15,Midtown,Classic Burger,Charlie,4,14.59,58.36
2024-01-15,Suburb,Chicken Burger,Diana,5,7.77,38.85
2024-01-15,Suburb,Chicken Burger,Bob,2,7.29,14.58
2024-01-15,Suburb,Chicken Burger,Evan,1,7.6,7.6
2024-01-15,Midtown,Classic Burger,Alice,1,9.11,9.11
2024-01-15,Downtown,Chicken Burger,Evan,5,14.11,70.55
2024-01-15,Downtown,Cheese Burger,Charlie,5,11.13,55.65
2024-01-15,Uptown,Cheese Burger,Bob,3,5.45,16.35
2024-01-15,Midtown,Classic Burger,Alice,2,14.87,29.74
2024-01-15,Downtown,Veggie Burger,Evan,2,8.81,17.62
2024-01-16,Midtown,Veggie Burger,Alice,5,5.64,28.2
2024-01-16,Downtown,Veggie Burger,Alice,5,5.56,27.8
2024-01-16,Uptown,Chicken Burger,Alice,5,15.0,75.0
2024-01-16,Uptown,Veggie Burger,Evan,5,12.26,61.3
2024-01-16,Uptown,Cheese Burger,Charlie,1,7.41,7.41
2024-01-16,Downtown,Classic Burger,Charlie,5,11.06,55.3
2024-01-16,Uptown,Classic Burger,Alice,2,8.58,17.16
2024-01-16,Suburb,Cheese Burger,Bob,2,9.76,19.52
2024-01-16,Midtown,Veggie Burger,Bob,4,13.16,52.64
2024-01-16,Suburb,Double Patty Burger,Charlie,1,10.9,10.9
2024-01-17,Midtown,Double Patty Burger,Evan,2,13.05,26.1
2024-01-17,Midtown,Chicken Burger,Bob,2,10.9,21.8
2024-01-17,Uptown,Veggie Burger,Charlie,2,8.48,16.96
2024-01-17,Uptown,Classic Burger,Diana,2,13.62,27.24
2024-01-17,Downtown,Double Patty Burger,Diana,2,14.27,28.54
2024-01-17,Uptown,Classic Burger,Diana,4,9.59,38.36
2024-01-17,Uptown,Double Patty Burger,Bob,5,7.09,35.45
2024-01-17,Midtown,Veggie Burger,Charlie,1,9.6,9.6
2024-01-17,Suburb,Veggie Burger,Diana,4,8.46,33.84
2024-01-17,Midtown,Veggie Burger,Charlie,5,14.73,73.65
2024-01-17,Downtown,Cheese Burger,Charlie,3,13.22,39.66
2024-01-18,Suburb,Cheese Burger,Evan,5,10.49,52.45
2024-01-18,Downtown,Classic Burger,Diana,2,13.94,27.88
2024-01-18,Downtown,Cheese Burger,Evan,3,5.39,16.17
2024-01-18,Downtown,Classic Burger,Charlie,5,5.03,25.15
2024-01-18,Suburb,Classic Burger,Alice,3,6.85,20.55
2024-01-18,Midtown,Cheese Burger,Diana,2,12.47,24.94
2024-01-19,Midtown,Veggie Burger,Charlie,4,6.07,24.28
2024-01-19,Uptown,Veggie Burger,Charlie,1,12.37,12.37
2024-01-19,Suburb,Cheese Burger,Alice,1,7.11,7.11
2024-01-19,Uptown,Chicken Burger,Alice,1,8.43,8.43
2024-01-19,Downtown,Chicken Burger,Bob,3,11.49,34.47
2024-01-19,Uptown,Chicken Burger,Bob,1,10.64,10.64
2024-01-19,Uptown,Classic Burger,Evan,4,11.46,45.84
2024-01-19,Uptown,Veggie Burger,Charlie,5,8.3,41.5
2024-01-19,Downtown,Classic Burger,Evan,5,6.53,32.65
2024-01-19,Midtown,Chicken Burger,Charlie,1,5.8,5.8
2024-01-19,Midtown,Double Patty Burger,Diana,2,10.76,21.52
2024-01-19,Midtown,Chicken Burger,Alice,3,13.21,39.63
2024-01-20,Midtown,Veggie Burger,Bob,3,13.39,40.17
2024-01-20,Downtown,Cheese Burger,Diana,3,7.0,21.0
2024-01-20,Suburb,Classic Burger,Diana,1,11.11,11.11
2024-01-20,Suburb,Double Patty Burger,Charlie,4,8.21,32.84
2024-01-20,Midtown,Classic Burger,Bob,2,10.49,20.98
2024-01-20,Uptown,Chicken Burger,Bob,5,11.85,59.25
2024-01-21,Downtown,Double Patty Burger,Alice,1,6.17,6.17
2024-01-21,Midtown,Veggie Burger,Alice,5,13.31,66.55
2024-01-21,Suburb,Cheese Burger,Evan,3,14.38,43.14
2024-01-21,Suburb,Veggie Burger,Charlie,1,12.41,12.41
2024-01-21,Uptown,Chicken Burger,Evan,3,12.95,38.85
2024-01-21,Uptown,Chicken Burger,Charlie,5,6.86,34.3
2024-01-21,Midtown,Veggie Burger,Bob,4,8.16,32.64
2024-01-21,Uptown,Classic Burger,Bob,3,11.24,33.72
2024-01-22,Midtown,Classic Burger,Alice,1,14.0,14.0
2024-01-22,Midtown,Cheese Burger,Evan,3,10.43,31.29
2024-01-22,Uptown,Veggie Burger,Charlie,2,6.39,12.78
2024-01-22,Midtown,Double Patty Burger,Alice,4,12.41,49.64
2024-01-22,Midtown,Chicken Burger,Evan,1,8.12,8.12
2024-01-23,Midtown,Classic Burger,Diana,2,12.62,25.24
2024-01-23,Midtown,Cheese Burger,Alice,5,6.11,30.55
2024-01-23,Suburb,Double Patty Burger,Diana,5,10.4,52.0
2024-01-23,Downtown,Chicken Burger,Diana,5,12.2,61.0
2024-01-23,Midtown,Veggie Burger,Charlie,4,10.43,41.72
2024-01-23,Midtown,Veggie Burger,Evan,4,6.82,27.28
2024-01-23,Uptown,Cheese Burger,Charlie,4,14.12,56.48
2024-01-23,Suburb,Cheese Burger,Alice,1,5.18,5.18
2024-01-23,Suburb,Veggie Burger,Diana,4,10.65,42.6
2024-01-24,Downtown,Double Patty Burger,Bob,1,10.76,10.76
2024-01-24,Uptown,Classic Burger,Charlie,5,6.04,30.2
2024-01-24,Downtown,Veggie Burger,Alice,5,14.85,74.25
2024-01-24,Uptown,Chicken Burger,Alice,1,13.7,13.7
2024-01-24,Midtown,Veggie Burger,Evan,1,12.44,12.44
2024-01-24,Uptown,Chicken Burger,Alice,5,11.04,55.2
2024-01-24,Midtown,Chicken Burger,Alice,2,14.2,28.4
2024-01-24,Uptown,Cheese Burger,Charlie,2,14.18,28.36
2024-01-25,Uptown,Classic Burger,Diana,5,14.15,70.75
2024-01-25,Downtown,Double Patty Burger,Charlie,2,5.13,10.26
2024-01-25,Downtown,Classic Burger,Alice,4,9.59,38.36
2024-01-25,Suburb,Chicken Burger,Evan,1,8.0,8.0
2024-01-25,Suburb,Double Patty Burger,Charlie,3,13.0,39.0
2024-01-25,Uptown,Double Patty Burger,Alice,5,8.78,43.9
2024-01-25,Suburb,Veggie Burger,Bob,1,12.76,12.76
2024-01-26,Uptown,Chicken Burger,Alice,2,9.97,19.94
2024-01-26,Midtown,Chicken Burger,Alice,5,5.76,28.8
2024-01-26,Midtown,Cheese Burger,Bob,3,11.44,34.32
2024-01-26,Suburb,Classic Burger,Diana,2,13.67,27.34
2024-01-26,Suburb,Classic Burger,Alice,3,7.31,21.93
2024-01-26,Midtown,Double Patty Burger,Alice,5,6.79,33.95
2024-01-27,Suburb,Cheese Burger,Charlie,3,14.63,43.89
2024-01-27,Suburb,Double Patty Burger,Evan,2,5.13,10.26
2024-01-27,Midtown,Classic Burger,Evan,3,6.23,18.69
2024-01-27,Midtown,Chicken Burger,Evan,4,12.04,48.16
2024-01-27,Downtown,Double Patty Burger,Diana,3,7.59,22.77
2024-01-28,Midtown,Chicken Burger,Diana,5,8.45,42.25
2024-01-28,Suburb,Classic Burger,Bob,5,7.94,39.7
2024-01-28,Suburb,Cheese Burger,Diana,1,13.68,13.68
2024-01-28,Suburb,Veggie Burger,Alice,2,5.22,10.44
2024-01-28,Uptown,Classic Burger,Bob,5,9.03,45.15
2024-01-28,Downtown,Veggie Burger,Diana,2,10.26,20.52
2024-01-29,Midtown,Double Patty Burger,Charlie,2,10.3,20.6
2024-01-29,Uptown,Chicken Burger,Alice,2,10.54,21.08
2024-01-29,Downtown,Cheese Burger,Diana,5,5.11,25.55
2024-01-29,Downtown,Veggie Burger,Alice,3,10.97,32.91
2024-01-29,Suburb,Double Patty Burger,Alice,5,6.75,33.75
2024-01-29,Downtown,Classic Burger,Bob,5,8.83,44.15
2024-01-30,Uptown,Cheese Burger,Diana,3,6.84,20.52
2024-01-30,Downtown,Chicken Burger,Charlie,2,5.68,11.36
2024-01-30,Midtown,Veggie Burger,Diana,1,12.22,12.22
2024-01-30,Suburb,Veggie Burger,Bob,5,9.84,49.2
2024-01-30,Uptown,Chicken Burger,Diana,3,10.95,32.85
2024-01-30,Midtown,Classic Burger,Charlie,5,6.55,32.75
2024-01-30,Downtown,Cheese Burger,Bob,5,8.44,42.2
2024-01-30,Suburb,Classic Burger,Alice,1,12.05,12.05
2024-01-30,Suburb,Cheese Burger,Alice,3,13.19,39.57
2024-01-30,Downtown,Chicken Burger,Diana,3,7.72,23.16
2024-01-30,Uptown,Chicken Burger,Charlie,5,5.92,29.6
2024-01-30,Midtown,Classic Burger,Evan,1,14.5,14.5
2024-01-30,Midtown,Classic Burger,Diana,3,12.32,36.96
2024-01-30,Downtown,Classic Burger,Evan,1,14.03,14.03
2024-01-31,Downtown,Double Patty Burger,Bob,2,10.88,21.76
2024-01-31,Downtown,Cheese Burger,Evan,2,8.13,16.26
2024-01-31,Midtown,Double Patty Burger,Alice,3,14.24,42.72
2024-01-31,Uptown,Veggie Burger,Evan,2,12.45,24.9
2024-01-31,Suburb,Veggie Burger,Bob,3,13.29,39.87
2024-01-31,Downtown,Veggie Burger,Diana,4,9.81,39.24
2024-01-31,Midtown,Double Patty Burger,Charlie,2,12.25,24.5
2024-01-31,Suburb,Classic Burger,Diana,5,11.62,58.1
2024-01-31,Downtown,Cheese Burger,Alice,5,11.16,55.8
2024-01-31,Uptown,Cheese Burger,Charlie,2,14.9,29.8
2024-01-31,Midtown,Double Patty Burger,Evan,2,14.39,28.78
2024-01-31,Midtown,Veggie Burger,Diana,5,12.67,63.35
2024-01-31,Downtown,Double Patty Burger,Diana,1,10.81,10.81
2024-01-31,Suburb,Classic Burger,Bob,1,8.36,8.36
2024-02-01,Downtown,Classic Burger,Alice,3,9.67,29.01
2024-02-01,Suburb,Cheese Burger,Diana,2,7.34,14.68
2024-02-01,Downtown,Classic Burger,Evan,1,6.09,6.09
2024-02-01,Downtown,Chicken Burger,Diana,3,14.5,43.5
2024-02-01,Downtown,Double Patty Burger,Charlie,4,9.18,36.72
2024-02-01,Suburb,Veggie Burger,Evan,2,6.67,13.34
2024-02-01,Suburb,Chicken Burger,Charlie,4,13.38,53.52
2024-02-01,Uptown,Double Patty Burger,Charlie,5,6.2,31.0
2024-02-02,Downtown,Cheese Burger,Alice,1,14.57,14.57
2024-02-02,Suburb,Double Patty Burger,Evan,1,10.18,10.18
2024-02-02,Suburb,Cheese Burger,Alice,5,7.6,38.0
2024-02-02,Midtown,Cheese Burger,Bob,1,6.54,6.54
2024-02-02,Suburb,Veggie Burger,Evan,5,10.37,51.85
2024-02-02,Downtown,Chicken Burger,Evan,2,9.57,19.14
2024-02-03,Midtown,Veggie Burger,Diana,5,13.89,69.45
2024-02-03,Downtown,Cheese Burger,Diana,2,13.1,26.2
2024-02-03,Suburb,Classic Burger,Evan,3,5.87,17.61
2024-02-03,Suburb,Chicken Burger,Charlie,5,5.49,27.45
2024-02-03,Uptown,Double Patty Burger,Diana,5,13.94,69.7
2024-02-03,Downtown,Classic Burger,Bob,5,9.81,49.05
2024-02-03,Downtown,Veggie Burger,Bob,3,8.48,25.44
2024-02-03,Uptown,Veggie Burger,Evan,5,12.34,61.7
2024-02-03,Suburb,Veggie Burger,Diana,1,6.57,6.57
2024-02-03,Suburb,Classic Burger,Evan,3,7.39,22.17
2024-02-03,Downtown,Cheese Burger,Diana,3,12.53,37.59
2024-02-03,Midtown,Double Patty Burger,Charlie,5,13.72,68.6
2024-02-04,Midtown,Cheese Burger,Bob,3,7.29,21.87
2024-02-04,Midtown,Cheese Burger,Diana,2,13.32,26.64
2024-02-04,Downtown,Chicken Burger,Bob,5,11.17,55.85
2024-02-04,Downtown,Classic Burger,Alice,2,11.34,22.68
2024-02-04,Suburb,Double Patty Burger,Charlie,3,12.61,37.83
2024-02-04,Uptown,Classic Burger,Bob,4,11.33,45.32
2024-02-04,Uptown,Double Patty Burger,Evan,4,6.74,26.96
2024-02-05,Uptown,Chicken Burger,Charlie,1,12.71,12.71
2024-02-05,Downtown,Cheese Burger,Alice,2,5.75,11.5
2024-02-05,Uptown,Cheese Burger,Evan,4,12.5,50.0
2024-02-05,Midtown,Chicken Burger,Evan,4,5.25,21.0
2024-02-05,Midtown,Classic Burger,Charlie,3,11.83,35.49
2024-02-05,Uptown,Cheese Burger,Bob,5,14.44,72.2
2024-02-05,Midtown,Double Patty Burger,Alice,5,11.94,59.7
2024-02-05,Suburb,Cheese Burger,Diana,3,7.73,23.19
2024-02-06,Uptown,Chicken Burger,Diana,5,14.44,72.2
2024-02-06,Suburb,Double Patty Burger,Charlie,4,8.98,35.92
2024-02-06,Downtown,Double Patty Burger,Charlie,3,9.09,27.27
2024-02-06,Suburb,Cheese Burger,Evan,3,5.31,15.93
2024-02-06,Downtown,Chicken Burger,Bob,4,9.73,38.92
2024-02-07,Suburb,Classic Burger,Alice,5,12.77,63.85
2024-02-07,Midtown,Veggie Burger,Bob,4,5.18,20.72
2024-02-07,Downtown,Chicken Burger,Evan,4,14.68,58.72
2024-02-07,Suburb,Classic Burger,Alice,4,7.48,29.92
2024-02-07,Downtown,Classic Burger,Diana,5,7.69,38.45
2024-02-07,Suburb,Veggie Burger,Evan,1,5.12,5.12
2024-02-07,Uptown,Cheese Burger,Charlie,5,12.57,62.85
2024-02-07,Suburb,Classic Burger,Charlie,3,6.05,18.15
2024-02-07,Downtown,Chicken Burger,Alice,4,12.02,48.08
2024-02-07,Uptown,Cheese Burger,Diana,1,10.18,10.18
2024-02-07,Downtown,Classic Burger,Evan,1,13.25,13.25
2024-02-07,Uptown,Cheese Burger,Bob,2,13.01,26.02
2024-02-08,Uptown,Chicken Burger,Alice,3,6.24,18.72
2024-02-08,Midtown,Classic Burger,Alice,1,12.09,12.09
2024-02-08,Suburb,Cheese Burger,Diana,4,8.39,33.56
2024-02-08,Midtown,Veggie Burger,Diana,4,10.97,43.88
2024-02-08,Uptown,Cheese Burger,Charlie,1,6.64,6.64
2024-02-08,Uptown,Veggie Burger,Bob,4,7.47,29.88
2024-02-09,Downtown,Veggie Burger,Bob,3,14.76,44.28
2024-02-09,Suburb,Double Patty Burger,Evan,5,11.59,57.95
2024-02-09,Midtown,Chicken Burger,Bob,2,11.53,23.06
2024-02-09,Downtown,Classic Burger,Charlie,3,5.82,17.46
2024-02-09,Midtown,Veggie Burger,Evan,5,9.18,45.9
2024-02-09,Midtown,Classic Burger,Diana,1,13.68,13.68
2024-02-09,Midtown,Cheese Burger,Evan,4,11.29,45.16
2024-02-09,Suburb,Chicken Burger,Diana,4,5.4,21.6
2024-02-09,Downtown,Veggie Burger,Alice,4,5.29,21.16
2024-02-09,Uptown,Chicken Burger,Bob,2,12.93,25.86
2024-02-09,Midtown,Cheese Burger,Charlie,3,7.84,23.52
2024-02-09,Downtown,Chicken Burger,Charlie,5,9.66,48.3
2024-02-09,Downtown,Classic Burger,Charlie,2,12.16,24.32
2024-02-10,Uptown,Chicken Burger,Bob,5,13.54,67.7
2024-02-10,Downtown,Classic Burger,Diana,5,9.45,47.25
2024-02-10,Suburb,Classic Burger,Diana,2,5.95,11.9
2024-02-10,Downtown,Veggie Burger,Alice,1,8.99,8.99
2024-02-10,Midtown,Double Patty Burger,Evan,1,12.73,12.73
2024-02-10,Suburb,Chicken Burger,Evan,3,13.84,41.52
2024-02-10,Uptown,Cheese Burger,Evan,2,11.69,23.38
2024-02-10,Downtown,Classic Burger,Evan,4,10.88,43.52
2024-02-10,Suburb,Classic Burger,Alice,4,8.79,35.16
2024-02-10,Midtown,Double Patty Burger,Evan,4,9.75,39.0
2024-02-10,Downtown,Chicken Burger,Diana,4,10.4,41.6
2024-02-11,Uptown,Cheese Burger,Alice,5,14.37,71.85
2024-02-11,Downtown,Classic Burger,Charlie,5,14.34,71.7
2024-02-11,Downtown,Classic Burger,Alice,3,5.42,16.26
2024-02-11,Uptown,Chicken Burger,Evan,2,14.65,29.3
2024-02-11,Midtown,Cheese Burger,Alice,2,14.73,29.46
2024-02-11,Midtown,Veggie Burger,Bob,4,10.32,41.28
2024-02-11,Midtown,Double Patty Burger,Diana,2,7.02,14.04
2024-02-11,Midtown,Cheese Burger,Evan,1,12.31,12.31
2024-02-12,Downtown,Cheese Burger,Alice,2,8.74,17.48
2024-02-12,Uptown,Cheese Burger,Bob,1,13.31,13.31
2024-02-12,Midtown,Classic Burger,Diana,3,14.31,42.93
2024-02-12,Uptown,Chicken Burger,Alice,1,7.16,7.16
2024-02-12,Suburb,Double Patty Burger,Evan,1,6.07,6.07
2024-02-12,Suburb,Cheese Burger,Bob,1,13.66,13.66
2024-02-12,Downtown,Double Patty Burger,Alice,5,10.67,53.35
2024-02-12,Downtown,Veggie Burger,Diana,2,9.04,18.08
2024-02-12,Uptown,Chicken Burger,Charlie,2,12.62,25.24
2024-02-12,Downtown,Veggie Burger,Evan,3,8.76,26.28
2024-02-13,Midtown,Classic Burger,Evan,1,8.66,8.66
2024-02-13,Midtown,Double Patty Burger,Charlie,4,10.48,41.92
2024-02-13,Downtown,Classic Burger,Alice,3,7.27,21.81
2024-02-13,Uptown,Veggie Burger,Charlie,2,12.59,25.18
2024-02-13,Downtown,Veggie Burger,Evan,2,14.51,29.02
2024-02-13,Uptown,Chicken Burger,Evan,5,8.41,42.05
2024-02-13,Suburb,Double Patty Burger,Bob,5,7.46,37.3
2024-02-13,Suburb,Veggie Burger,Bob,4,14.56,58.24
2024-02-13,Downtown,Double Patty Burger,Charlie,5,13.98,69.9
2024-02-13,Downtown,Chicken Burger,Charlie,3,5.6,16.8
2024-02-14,Downtown,Veggie Burger,Bob,5,11.17,55.85
2024-02-14,Downtown,Chicken Burger,Charlie,5,13.03,65.15
2024-02-14,Midtown,Cheese Burger,Diana,2,9.0,18.0
2024-02-14,Downtown,Chicken Burger,Bob,1,10.22,10.22
2024-02-14,Midtown,Chicken Burger,Bob,5,6.85,34.25
2024-02-14,Midtown,Classic Burger,Bob,5,7.57,37.85
2024-02-14,Suburb,Chicken Burger,Diana,1,8.74,8.74
2024-02-14,Downtown,Cheese Burger,Charlie,5,11.02,55.1
2024-02-14,Uptown,Double Patty Burger,Diana,1,12.94,12.94
2024-02-15,Suburb,Cheese Burger,Alice,5,14.06,70.3
2024-02-15,Suburb,Classic Burger,Bob,3,12.81,38.43
2024-02-15,Uptown,Veggie Burger,Diana,4,11.71,46.84
2024-02-15,Downtown,Cheese Burger,Charlie,4,6.5,26.0
2024-02-15,Midtown,Cheese Burger,Evan,1,12.37,12.37
2024-02-15,Uptown,Classic Burger,Evan,1,6.78,6.78
2024-02-15,Downtown,Veggie Burger,Diana,3,7.32,21.96
2024-02-15,Uptown,Double Patty Burger,Evan,1,9.97,9.97
2024-02-15,Uptown,Veggie Burger,Evan,2,9.04,18.08
2024-02-15,Uptown,Double Patty Burger,Alice,1,5.16,5.16
2024-02-15,Suburb,Chicken Burger,Charlie,4,12.24,48.96
2024-02-15,Uptown,Double Patty Burger,Diana,5,13.94,69.7
2024-02-15,Midtown,Classic Burger,Alice,3,8.44,25.32
2024-02-15,Midtown,Chicken Burger,Evan,1,13.32,13.32
2024-02-16,Suburb,Veggie Burger,Evan,2,11.8,23.6
2024-02-16,Suburb,Double Patty Burger,Bob,3,6.9,20.7
2024-02-16,Uptown,Chicken Burger,Bob,1,14.95,14.95
2024-02-16,Midtown,Chicken Burger,Diana,2,14.58,29.16
2024-02-16,Downtown,Double Patty Burger,Alice,2,5.97,11.94
2024-02-16,Downtown,Chicken Burger,Alice,4,14.81,59.24
2024-02-16,Midtown,Double Patty Burger,Diana,3,6.52,19.56
2024-02-16,Downtown,Chicken Burger,Diana,1,13.42,13.42
2024-02-16,Downtown,Chicken Burger,Bob,1,11.08,11.08
2024-02-17,Suburb,Cheese Burger,Evan,4,8.03,32.12
2024-02-17,Uptown,Double Patty Burger,Bob,1,5.88,5.88
2024-02-17,Midtown,Classic Burger,Alice,1,8.06,8.06
2024-02-17,Suburb,Cheese Burger,Diana,2,10.16,20.32
2024-02-17,Midtown,Veggie Burger,Diana,5,8.91,44.55
2024-02-17,Suburb,Classic Burger,Bob,2,11.28,22.56
2024-02-17,Uptown,Cheese Burger,Charlie,4,13.19,52.76
2024-02-17,Midtown,Double Patty Burger,Charlie,2,6.54,13.08
2024-02-17,Midtown,Cheese Burger,Diana,2,11.41,22.82
2024-02-17,Downtown,Cheese Burger,Alice,5,13.62,68.1
2024-02-18,Midtown,Classic Burger,Evan,4,10.03,40.12
2024-02-18,Downtown,Classic Burger,Evan,5,6.22,31.1
2024-02-18,Downtown,Cheese Burger,Diana,1,7.33,7.33
2024-02-18,Downtown,Chicken Burger,Diana,4,8.12,32.48
2024-02-18,Uptown,Chicken Burger,Bob,5,6.06,30.3
2024-02-18,Uptown,Double Patty Burger,Charlie,2,11.5,23.0
2024-02-18,Midtown,Veggie Burger,Evan,3,6.92,20.76
2024-02-18,Downtown,Cheese Burger,Charlie,2,5.58,11.16
2024-02-19,Midtown,Classic Burger,Charlie,1,6.42,6.42
2024-02-19,Downtown,Chicken Burger,Charlie,4,11.18,44.72
2024-02-19,Suburb,Classic Burger,Evan,4,8.06,32.24
2024-02-19,Suburb,Chicken Burger,Diana,2,6.31,12.62
2024-02-19,Suburb,Double Patty Burger,Charlie,3,9.14,27.42
2024-02-19,Uptown,Double Patty Burger,Evan,5,5.11,25.55
2024-02-19,Uptown,Veggie Burger,Evan,5,12.6,63.0
2024-02-19,Uptown,Double Patty Burger,Alice,5,5.12,25.6
2024-02-19,Uptown,Double Patty Burger,Evan,5,13.02,65.1
2024-02-19,Downtown,Chicken Burger,Alice,3,7.66,22.98
2024-02-19,Midtown,Double Patty Burger,Diana,5,9.88,49.4
2024-02-19,Suburb,Cheese Burger,Diana,4,11.52,46.08
2024-02-20,Downtown,Double Patty Burger,Diana,5,9.59,47.95
2024-02-20,Downtown,Cheese Burger,Evan,1,14.55,14.55
2024-02-20,Downtown,Classic Burger,Alice,1,13.09,13.09
2024-02-20,Suburb,Double Patty Burger,Alice,2,14.3,28.6
2024-02-20,Suburb,Chicken Burger,Evan,4,11.37,45.48
2024-02-20,Uptown,Veggie Burger,Alice,1,5.67,5.67
2024-02-20,Suburb,Double Patty Burger,Charlie,5,12.37,61.85
2024-02-21,Midtown,Double Patty Burger,Evan,1,12.46,12.46
2024-02-21,Downtown,Double Patty Burger,Charlie,3,5.12,15.36
2024-02-21,Downtown,Chicken Burger,Evan,2,9.62,19.24
2024-02-21,Suburb,Veggie Burger,Diana,3,11.61,34.83
2024-02-21,Suburb,Veggie Burger,Charlie,2,5.98,11.96
2024-02-22,Suburb,Cheese Burger,Diana,1,7.95,7.95
2024-02-22,Suburb,Classic Burger,Alice,2,11.67,23.34
2024-02-22,Midtown,Classic Burger,Diana,4,12.75,51.0
2024-02-22,Downtown,Classic Burger,Bob,2,8.22,16.44
2024-02-22,Suburb,Chicken Burger,Charlie,2,11.02,22.04
2024-02-22,Downtown,Chicken Burger,Bob,3,5.44,16.32
2024-02-22,Downtown,Cheese Burger,Alice,1,8.76,8.76
2024-02-22,Uptown,Chicken Burger,Bob,1,6.64,6.64
2024-02-22,Suburb,Chicken Burger,Evan,4,6.97,27.88
2024-02-22,Uptown,Classic Burger,Evan,3,11.71,35.13
2024-02-23,Midtown,Classic Burger,Diana,1,10.44,10.44
2024-02-23,Downtown,Double Patty Burger,Evan,4,5.54,22.16
2024-02-23,Suburb,Veggie Burger,Alice,4,5.43,21.72
2024-02-23,Uptown,Cheese Burger,Evan,5,12.26,61.3
2024-02-23,Midtown,Cheese Burger,Charlie,4,12.33,49.32
2024-02-23,Midtown,Double Patty Burger,Evan,1,10.08,10.08
2024-02-23,Midtown,Veggie Burger,Evan,4,11.36,45.44
2024-02-23,Suburb,Double Patty Burger,Bob,2,5.09,10.18
2024-02-23,Downtown,Chicken Burger,Evan,3,14.92,44.76
2024-02-23,Suburb,Veggie Burger,Bob,2,7.04,14.08
2024-02-23,Uptown,Double Patty Burger,Charlie,3,11.88,35.64
2024-02-24,Suburb,Chicken Burger,Bob,2,13.4,26.8
2024-02-24,Suburb,Classic Burger,Alice,2,12.59,25.18
2024-02-24,Suburb,Veggie Burger,Charlie,3,14.96,44.88
2024-02-24,Suburb,Double Patty Burger,Diana,4,12.8,51.2
2024-02-24,Uptown,Veggie Burger,Bob,5,11.63,58.15
2024-02-24,Uptown,Double Patty Burger,Bob,4,6.81,27.24
2024-02-24,Downtown,Chicken Burger,Alice,4,10.1,40.4
2024-02-24,Midtown,Double Patty Burger,Bob,4,10.61,42.44
2024-02-24,Uptown,Cheese Burger,Bob,3,7.7,23.1
2024-02-24,Suburb,Veggie Burger,Alice,3,5.59,16.77
2024-02-24,Downtown,Chicken Burger,Bob,5,12.89,64.45
2024-02-24,Suburb,Veggie Burger,Evan,4,6.22,24.88
2024-02-24,Downtown,Classic Burger,Bob,4,5.63,22.52
2024-02-25,Suburb,Double Patty Burger,Alice,1,11.38,11.38
2024-02-25,Suburb,Veggie Burger,Diana,3,12.4,37.2
2024-02-25,Uptown,Double Patty Burger,Alice,4,8.62,34.48
2024-02-25,Uptown,Veggie Burger,Evan,3,5.24,15.72
2024-02-25,Uptown,Double Patty Burger,Alice,3,7.99,23.97
2024-02-25,Downtown,Veggie Burger,Bob,3,9.3,27.9
2024-02-25,Midtown,Double Patty Burger,Evan,5,9.81,49.05
2024-02-25,Downtown,Cheese Burger,Evan,4,6.33,25.32
2024-02-25,Suburb,Cheese Burger,Charlie,1,12.8,12.8
2024-02-25,Suburb,Classic Burger,Diana,4,6.35,25.4
2024-02-25,Midtown,Chicken Burger,Alice,4,5.13,20.52
2024-02-25,Suburb,Chicken Burger,Bob,4,7.76,31.04
2024-02-25,Midtown,Chicken Burger,Bob,2,13.45,26.9
2024-02-26,Suburb,Classic Burger,Evan,4,5.34,21.36
2024-02-26,Suburb,Cheese Burger,Bob,3,6.39,19.17
2024-02-26,Suburb,Cheese Burger,Alice,3,8.47,25.41
2024-02-26,Midtown,Cheese Burger,Charlie,4,6.28,25.12
2024-02-26,Suburb,Double Patty Burger,Bob,2,9.19,18.38
2024-02-26,Suburb,Classic Burger,Evan,2,14.8,29.6
2024-02-26,Downtown,Veggie Burger,Bob,5,10.65,53.25
2024-02-26,Midtown,Veggie Burger,Alice,5,11.09,55.45
2024-02-26,Downtown,Double Patty Burger,Alice,1,6.51,6.51
2024-02-26,Suburb,Cheese Burger,Alice,1,10.23,10.23
2024-02-27,Suburb,Cheese Burger,Charlie,1,12.92,12.92
2024-02-27,Downtown,Classic Burger,Bob,2,9.85,19.7
2024-02-27,Downtown,Double Patty Burger,Bob,1,11.69,11.69
2024-02-27,Uptown,Veggie Burger,Evan,4,5.62,22.48
2024-02-27,Suburb,Chicken Burger,Charlie,2,14.78,29.56
2024-02-27,Midtown,Classic Burger,Evan,4,10.45,41.8
2024-02-28,Uptown,Chicken Burger,Evan,4,13.71,54.84
2024-02-28,Midtown,Double Patty Burger,Alice,2,12.51,25.02
2024-02-28,Downtown,Cheese Burger,Alice,3,14.09,42.27
2024-02-28,Downtown,Cheese Burger,Diana,3,6.05,18.15
2024-02-28,Suburb,Classic Burger,Charlie,2,5.93,11.86
2024-02-28,Downtown,Veggie Burger,Charlie,4,10.23,40.92
2024-02-28,Suburb,Chicken Burger,Diana,1,10.78,10.78
2024-02-28,Downtown,Classic Burger,Bob,2,9.48,18.96
2024-02-29,Suburb,Cheese Burger,Charlie,5,14.06,70.3
2024-02-29,Uptown,Veggie Burger,Alice,4,7.02,28.08
2024-02-29,Suburb,Double Patty Burger,Diana,3,8.13,24.39
2024-02-29,Uptown,Veggie Burger,Alice,4,12.4,49.6
2024-02-29,Midtown,Classic Burger,Evan,5,11.68,58.4
2024-02-29,Downtown,Cheese Burger,Diana,4,13.82,55.28
2024-02-29,Midtown,Veggie Burger,Charlie,5,10.6,53.0
2024-02-29,Downtown,Chicken Burger,Alice,4,13.9,55.6
2024-02-29,Uptown,Double Patty Burger,Charlie,5,8.37,41.85
2024-02-29,Downtown,Chicken Burger,Bob,3,12.6,37.8
2024-03-01,Midtown,Cheese Burger,Diana,4,8.14,32.56
2024-03-01,Suburb,Cheese Burger,Charlie,4,8.35,33.4
2024-03-01,Uptown,Double Patty Burger,Diana,2,6.01,12.02
2024-03-01,Downtown,Veggie Burger,Diana,2,8.48,16.96
2024-03-01,Midtown,Cheese Burger,Bob,3,11.51,34.53
2024-03-01,Suburb,Classic Burger,Evan,4,9.71,38.84
2024-03-01,Midtown,Veggie Burger,Charlie,1,6.26,6.26
2024-03-01,Suburb,Cheese Burger,Bob,3,11.86,35.58
2024-03-01,Suburb,Classic Burger,Diana,4,14.92,59.68
2024-03-01,Midtown,Veggie Burger,Diana,2,10.13,20.26
2024-03-01,Uptown,Double Patty Burger,Charlie,1,8.04,8.04
2024-03-01,Uptown,Chicken Burger,Diana,4,7.33,29.32
2024-03-01,Downtown,Veggie Burger,Diana,5,13.99,69.95
2024-03-02,Downtown,Veggie Burger,Charlie,3,6.11,18.33
2024-03-02,Suburb,Chicken Burger,Evan,3,9.13,27.39
2024-03-02,Midtown,Veggie Burger,Diana,1,5.42,5.42
2024-03-02,Suburb,Cheese Burger,Alice,3,14.73,44.19
2024-03-02,Midtown,Cheese Burger,Charlie,1,13.39,13.39
2024-03-02,Downtown,Classic Burger,Charlie,4,13.29,53.16
2024-03-02,Suburb,Veggie Burger,Diana,5,10.41,52.05
2024-03-03,Downtown,Classic Burger,Alice,4,8.01,32.04
2024-03-03,Midtown,Double Patty Burger,Charlie,1,8.0,8.0
2024-03-03,Uptown,Classic Burger,Diana,3,14.03,42.09
2024-03-03,Suburb,Cheese Burger,Alice,5,10.93,54.65
2024-03-03,Downtown,Double Patty Burger,Alice,4,10.83,43.32
2024-03-03,Suburb,Cheese Burger,Evan,5,5.64,28.2
2024-03-03,Suburb,Double Patty Burger,Charlie,4,6.15,24.6
2024-03-03,Downtown,Classic Burger,Evan,1,11.69,11.69
2024-03-03,Downtown,Cheese Burger,Alice,5,11.94,59.7
2024-03-03,Suburb,Chicken Burger,Diana,1,8.41,8.41
2024-03-03,Suburb,Double Patty Burger,Evan,3,9.45,28.35
2024-03-03,Downtown,Double Patty Burger,Charlie,4,11.76,47.04
2024-03-04,Uptown,Chicken Burger,Evan,3,11.52,34.56
2024-03-04,Uptown,Cheese Burger,Charlie,1,10.06,10.06
2024-03-04,Midtown,Classic Burger,Bob,1,5.4,5.4
2024-03-04,Uptown,Cheese Burger,Charlie,3,7.77,23.31
2024-03-04,Downtown,Classic Burger,Evan,5,9.82,49.1
2024-03-04,Suburb,Veggie Burger,Evan,4,7.07,28.28
2024-03-04,Downtown,Double Patty Burger,Alice,1,7.19,7.19
2024-03-04,Midtown,Chicken Burger,Diana,1,8.39,8.39
2024-03-05,Downtown,Classic Burger,Bob,3,5.44,16.32
2024-03-05,Downtown,Classic Burger,Evan,1,11.17,11.17
2024-03-05,Suburb,Double Patty Burger,Charlie,3,10.07,30.21
2024-03-05,Downtown,Double Patty Burger,Charlie,3,9.51,28.53
2024-03-05,Midtown,Double Patty Burger,Alice,4,12.3,49.2
2024-03-05,Suburb,Double Patty Burger,Evan,5,11.08,55.4
2024-03-05,Suburb,Classic Burger,Evan,2,14.55,29.1
2024-03-05,Uptown,Double Patty Burger,Alice,3,5.02,15.06
2024-03-05,Uptown,Double Patty Burger,Alice,4,11.87,47.48
2024-03-06,Suburb,Classic Burger,Diana,2,5.92,11.84
2024-03-06,Midtown,Chicken Burger,Diana,1,5.71,5.71
2024-03-06,Uptown,Veggie Burger,Alice,2,11.69,23.38
2024-03-06,Downtown,Cheese Burger,Bob,3,10.94,32.82
2024-03-06,Uptown,Cheese Burger,Charlie,1,11.13,11.13
2024-03-06,Suburb,Veggie Burger,Diana,3,12.41,37.23
2024-03-07,Midtown,Cheese Burger,Alice,1,9.22,9.22
2024-03-07,Midtown,Veggie Burger,Alice,5,8.99,44.95
2024-03-07,Downtown,Double Patty Burger,Alice,1,12.29,12.29
2024-03-07,Downtown,Chicken Burger,Evan,3,9.3,27.9
2024-03-07,Midtown,Double Patty Burger,Alice,5,13.62,68.1
2024-03-07,Uptown,Chicken Burger,Diana,2,8.84,17.68
2024-03-07,Midtown,Chicken Burger,Diana,1,9.31,9.31
2024-03-07,Suburb,Veggie Burger,Bob,3,11.01,33.03
2024-03-07,Suburb,Chicken Burger,Alice,2,6.67,13.34
2024-03-07,Downtown,Chicken Burger,Evan,1,8.46,8.46
2024-03-08,Midtown,Double Patty Burger,Bob,4,8.79,35.16
2024-03-08,Midtown,Veggie Burger,Charlie,3,8.11,24.33
2024-03-08,Uptown,Double Patty Burger,Bob,4,10.8,43.2
2024-03-08,Uptown,Classic Burger,Diana,1,6.41,6.41
2024-03-08,Downtown,Veggie Burger,Charlie,3,6.36,19.08
2024-03-08,Uptown,Veggie Burger,Charlie,3,6.6,19.8
2024-03-08,Uptown,Veggie Burger,Evan,5,7.89,39.45
2024-03-08,Downtown,Cheese Burger,Evan,5,14.56,72.8
2024-03-09,Midtown,Chicken Burger,Bob,4,10.45,41.8
2024-03-09,Downtown,Double Patty Burger,Charlie,4,5.31,21.24
2024-03-09,Suburb,Chicken Burger,Evan,5,9.78,48.9
2024-03-09,Downtown,Cheese Burger,Evan,5,13.34,66.7
2024-03-09,Midtown,Veggie Burger,Bob,2,7.59,15.18
2024-03-09,Midtown,Cheese Burger,Alice,5,8.42,42.1
2024-03-09,Suburb,Double Patty Burger,Diana,3,10.58,31.74
2024-03-09,Midtown,Classic Burger,Diana,5,9.44,47.2
2024-03-09,Midtown,Cheese Burger,Charlie,4,9.02,36.08
2024-03-10,Midtown,Chicken Burger,Bob,1,12.93,12.93
2024-03-10,Midtown,Double Patty Burger,Evan,4,13.53,54.12
2024-03-10,Downtown,Chicken Burger,Charlie,3,14.09,42.27
2024-03-10,Midtown,Double Patty Burger,Diana,5,12.46,62.3
2024-03-10,Midtown,Chicken Burger,Evan,1,11.81,11.81
2024-03-11,Uptown,Cheese Burger,Diana,1,14.49,14.49
2024-03-11,Uptown,Chicken Burger,Diana,4,13.64,54.56
2024-03-11,Midtown,Cheese Burger,Diana,3,7.03,21.09
2024-03-11,Suburb,Veggie Burger,Charlie,1,8.62,8.62
2024-03-11,Downtown,Veggie Burger,Evan,3,9.08,27.24
2024-03-11,Midtown,Chicken Burger,Evan,3,7.0,21.0
2024-03-11,Downtown,Chicken Burger,Evan,1,11.4,11.4
2024-03-11,Downtown,Veggie Burger,Charlie,3,5.31,15.93
2024-03-11,Midtown,Double Patty Burger,Bob,5,5.31,26.55
2024-03-11,Midtown,Cheese Burger,Bob,5,8.59,42.95
2024-03-11,Uptown,Classic Burger,Charlie,1,12.93,12.93
2024-03-11,Midtown,Veggie Burger,Bob,2,13.28,26.56
2024-03-11,Midtown,Veggie Burger,Alice,4,13.34,53.36
2024-03-12,Midtown,Double Patty Burger,Evan,5,13.22,66.1
2024-03-12,Downtown,Classic Burger,Diana,3,11.14,33.42
2024-03-12,Suburb,Classic Burger,Bob,4,9.07,36.28
2024-03-12,Uptown,Veggie Burger,Charlie,3,11.32,33.96
2024-03-12,Downtown,Double Patty Burger,Bob,5,14.55,72.75
2024-03-13,Suburb,Cheese Burger,Alice,2,12.95,25.9
2024-03-13,Suburb,Chicken Burger,Bob,2,12.1,24.2
2024-03-13,Suburb,Chicken Burger,Bob,3,13.03,39.09
2024-03-13,Uptown,Veggie Burger,Evan,5,13.42,67.1
2024-03-13,Downtown,Classic Burger,Evan,5,11.03,55.15
2024-03-13,Downtown,Veggie Burger,Alice,1,6.23,6.23
2024-03-13,Downtown,Cheese Burger,Bob,4,11.25,45.0
2024-03-13,Suburb,Chicken Burger,Bob,2,12.14,24.28
2024-03-13,Suburb,Double Patty Burger,Diana,5,14.17,70.85
2024-03-13,Suburb,Cheese Burger,Diana,2,6.34,12.68
2024-03-14,Midtown,Veggie Burger,Alice,4,9.02,36.08
2024-03-14,Downtown,Classic Burger,Bob,5,5.47,27.35
2024-03-14,Suburb,Classic Burger,Bob,1,8.4,8.4
2024-03-14,Suburb,Classic Burger,Evan,4,6.02,24.08
2024-03-14,Downtown,Veggie Burger,Charlie,1,13.43,13.43
2024-03-14,Suburb,Chicken Burger,Diana,2,13.92,27.84
2024-03-15,Downtown,Chicken Burger,Charlie,5,6.16,30.8
2024-03-15,Midtown,Cheese Burger,Evan,1,14.3,14.3
2024-03-15,Downtown,Cheese Burger,Evan,5,13.76,68.8
2024-03-15,Downtown,Classic Burger,Diana,3,14.51,43.53
2024-03-15,Midtown,Classic Burger,Alice,5,9.75,48.75
2024-03-15,Midtown,Chicken Burger,Evan,2,6.05,12.1
2024-03-15,Uptown,Chicken Burger,Alice,3,9.58,28.74
2024-03-16,Suburb,Veggie Burger,Diana,1,5.52,5.52
2024-03-16,Downtown,Double Patty Burger,Bob,5,13.22,66.1
2024-03-16,Midtown,Cheese Burger,Alice,1,13.7,13.7
2024-03-16,Uptown,Classic Burger,Diana,5,12.54,62.7
2024-03-16,Downtown,Cheese Burger,Alice,4,12.39,49.56
2024-03-16,Suburb,Chicken Burger,Diana,5,11.82,59.1
2024-03-17,Uptown,Classic Burger,Diana,5,7.87,39.35
2024-03-17,Midtown,Double Patty Burger,Alice,1,6.12,6.12
2024-03-17,Uptown,Double Patty Burger,Diana,5,11.88,59.4
2024-03-17,Downtown,Double Patty Burger,Bob,1,6.24,6.24
2024-03-17,Uptown,Veggie Burger,Alice,3,9.04,27.12
2024-03-17,Downtown,Chicken Burger,Diana,5,9.64,48.2
2024-03-17,Suburb,Cheese Burger,Diana,2,11.78,23.56
2024-03-17,Suburb,Chicken Burger,Alice,4,14.76,59.04
2024-03-17,Midtown,Double Patty Burger,Bob,3,8.83,26.49
2024-03-17,Downtown,Cheese Burger,Evan,5,8.42,42.1
2024-03-18,Uptown,Chicken Burger,Alice,4,5.01,20.04
2024-03-18,Midtown,Double Patty Burger,Diana,5,14.74,73.7
2024-03-18,Midtown,Veggie Burger,Alice,3,13.3,39.9
2024-03-18,Midtown,Classic Burger,Evan,3,8.03,24.09
2024-03-18,Midtown,Double Patty Burger,Alice,5,7.47,37.35
2024-03-18,Suburb,Double Patty Burger,Diana,4,5.58,22.32
2024-03-18,Uptown,Classic Burger,Evan,4,10.44,41.76
2024-03-18,Midtown,Chicken Burger,Alice,1,7.25,7.25
2024-03-18,Suburb,Cheese Burger,Alice,2,13.47,26.94
2024-03-18,Midtown,Double Patty Burger,Charlie,3,14.82,44.46
2024-03-18,Suburb,Chicken Burger,Diana,3,7.6,22.8
2024-03-19,Midtown,Chicken Burger,Diana,1,13.9,13.9
2024-03-19,Downtown,Cheese Burger,Bob,1,14.31,14.31
2024-03-19,Suburb,Chicken Burger,Alice,3,5.45,16.35
2024-03-19,Downtown,Cheese Burger,Charlie,2,7.42,14.84
2024-03-19,Downtown,Cheese Burger,Evan,5,11.21,56.05
2024-03-20,Uptown,Cheese Burger,Bob,5,9.59,47.95
2024-03-20,Midtown,Double Patty Burger,Diana,5,5.5,27.5
2024-03-20,Downtown,Classic Burger,Charlie,5,10.27,51.35
2024-03-20,Midtown,Chicken Burger,Diana,1,6.97,6.97
2024-03-20,Midtown,Chicken Burger,Charlie,2,10.23,20.46
2024-03-20,Suburb,Veggie Burger,Evan,1,14.19,14.19
2024-03-20,Midtown,Cheese Burger,Bob,4,13.29,53.16
2024-03-20,Downtown,Veggie Burger,Evan,2,11.98,23.96
2024-03-20,Midtown,Double Patty Burger,Bob,2,12.57,25.14
2024-03-20,Downtown,Cheese Burger,Diana,1,9.58,9.58
2024-03-21,Midtown,Chicken Burger,Bob,5,9.99,49.95
2024-03-21,Downtown,Double Patty Burger,Bob,4,8.57,34.28
2024-03-21,Suburb,Chicken Burger,Bob,3,5.46,16.38
2024-03-21,Uptown,Chicken Burger,Bob,3,7.54,22.62
2024-03-21,Midtown,Classic Burger,Evan,3,13.95,41.85
2024-03-22,Suburb,Classic Burger,Charlie,2,14.93,29.86
2024-03-22,Suburb,Classic Burger,Evan,1,11.35,11.35
2024-03-22,Suburb,Double Patty Burger,Charlie,3,14.51,43.53
2024-03-22,Midtown,Cheese Burger,Alice,2,14.92,29.84
2024-03-22,Downtown,Chicken Burger,Evan,3,9.16,27.48
2024-03-22,Downtown,Cheese Burger,Alice,2,13.77,27.54
2024-03-22,Suburb,Chicken Burger,Bob,3,7.21,21.63
2024-03-22,Downtown,Double Patty Burger,Bob,1,6.75,6.75
2024-03-22,Uptown,Double Patty Burger,Alice,5,9.31,46.55
2024-03-22,Suburb,Veggie Burger,Charlie,5,10.17,50.85
2024-03-22,Uptown,Veggie Burger,Charlie,5,8.53,42.65
2024-03-22,Midtown,Cheese Burger,Evan,5,12.63,63.15
2024-03-22,Midtown,Cheese Burger,Diana,2,7.05,14.1
2024-03-22,Downtown,Classic Burger,Charlie,4,11.36,45.44
2024-03-23,Uptown,Veggie Burger,Evan,1,9.09,9.09
2024-03-23,Suburb,Veggie Burger,Evan,4,11.94,47.76
2024-03-23,Suburb,Cheese Burger,Diana,3,10.16,30.48
2024-03-23,Downtown,Double Patty Burger,Diana,5,5.38,26.9
2024-03-23,Uptown,Double Patty Burger,Alice,1,10.9,10.9
2024-03-23,Suburb,Double Patty Burger,Alice,2,7.01,14.02
2024-03-23,Midtown,Double Patty Burger,Evan,4,7.3,29.2
2024-03-23,Midtown,Chicken Burger,Diana,4,7.24,28.96
2024-03-24,Midtown,Classic Burger,Evan,5,9.23,46.15
2024-03-24,Uptown,Double Patty Burger,Alice,3,7.71,23.13
2024-03-24,Downtown,Veggie Burger,Diana,5,10.42,52.1
2024-03-24,Suburb,Classic Burger,Charlie,2,12.09,24.18
2024-03-24,Midtown,Cheese Burger,Alice,1,14.52,14.52
2024-03-24,Uptown,Classic Burger,Alice,4,14.49,57.96
2024-03-24,Midtown,Classic Burger,Charlie,5,10.6,53.0
2024-03-24,Downtown,Classic Burger,Alice,3,8.69,26.07
2024-03-25,Midtown,Cheese Burger,Charlie,1,6.22,6.22
2024-03-25,Uptown,Double Patty Burger,Alice,1,5.31,5.31
2024-03-25,Downtown,Double Patty Burger,Alice,5,7.13,35.65
2024-03-25,Suburb,Chicken Burger,Evan,3,6.19,18.57
2024-03-25,Downtown,Chicken Burger,Evan,1,8.12,8.12
2024-03-25,Uptown,Chicken Burger,Diana,2,5.16,10.32
2024-03-25,Midtown,Chicken Burger,Charlie,2,11.16,22.32
2024-03-25,Uptown,Double Patty Burger,Diana,3,10.01,30.03
2024-03-25,Uptown,Classic Burger,Alice,1,10.41,10.41
2024-03-25,Downtown,Classic Burger,Evan,3,9.82,29.46
2024-03-25,Suburb,Double Patty Burger,Charlie,3,8.97,26.91
2024-03-25,Midtown,Veggie Burger,Bob,1,6.57,6.57
2024-03-25,Suburb,Chicken Burger,Bob,3,10.02,30.06
2024-03-26,Midtown,Veggie Burger,Bob,3,11.28,33.84
2024-03-26,Suburb,Chicken Burger,Alice,1,5.2,5.2
2024-03-26,Downtown,Veggie Burger,Evan,3,9.12,27.36
2024-03-26,Uptown,Classic Burger,Evan,1,13.78,13.78
2024-03-26,Downtown,Veggie Burger,Alice,2,9.33,18.66
2024-03-26,Midtown,Double Patty Burger,Charlie,2,7.05,14.1
2024-03-26,Midtown,Chicken Burger,Alice,5,12.85,64.25
2024-03-26,Midtown,Veggie Burger,Evan,4,7.78,31.12
2024-03-26,Uptown,Cheese Burger,Alice,1,5.11,5.11
2024-03-26,Uptown,Double Patty Burger,Bob,1,6.03,6.03
2024-03-26,Uptown,Double Patty Burger,Diana,1,12.38,12.38
2024-03-26,Uptown,Chicken Burger,Alice,1,8.47,8.47
2024-03-27,Midtown,Veggie Burger,Bob,2,9.83,19.66
2024-03-27,Suburb,Cheese Burger,Diana,2,11.9,23.8
2024-03-27,Uptown,Veggie Burger,Charlie,5,14.26,71.3
2024-03-27,Suburb,Veggie Burger,Alice,4,10.99,43.96
2024-03-27,Suburb,Veggie Burger,Bob,5,5.15,25.75
2024-03-27,Midtown,Veggie Burger,Bob,1,12.07,12.07
2024-03-27,Suburb,Classic Burger,Charlie,4,7.5,30.0
2024-03-27,Uptown,Double Patty Burger,Diana,1,6.17,6.17
2024-03-27,Downtown,Cheese Burger,Evan,3,12.37,37.11
2024-03-27,Suburb,Double Patty Burger,Charlie,4,12.01,48.04
2024-03-27,Downtown,Double Patty Burger,Diana,1,5.15,5.15
2024-03-28,Midtown,Classic Burger,Alice,4,14.4,57.6
2024-03-28,Uptown,Chicken Burger,Alice,5,11.17,55.85
2024-03-28,Suburb,Classic Burger,Bob,2,12.43,24.86
2024-03-28,Uptown,Veggie Burger,Diana,3,5.84,17.52
2024-03-28,Downtown,Chicken Burger,Diana,5,10.13,50.65
2024-03-28,Midtown,Cheese Burger,Charlie,4,11.13,44.52
2024-03-28,Downtown,Classic Burger,Bob,2,12.14,24.28
2024-03-28,Suburb,Classic Burger,Evan,4,5.14,20.56
2024-03-29,Downtown,Double Patty Burger,Charlie,2,5.63,11.26
2024-03-29,Downtown,Cheese Burger,Charlie,2,10.97,21.94
2024-03-29,Suburb,Cheese Burger,Bob,2,13.05,26.1
2024-03-29,Midtown,Chicken Burger,Charlie,5,12.87,64.35
2024-03-29,Midtown,Cheese Burger,Alice,3,10.21,30.63
2024-03-30,Uptown,Cheese Burger,Alice,1,7.06,7.06
2024-03-30,Midtown,Classic Burger,Alice,4,8.68,34.72
2024-03-30,Uptown,Double Patty Burger,Alice,2,12.87,25.74
2024-03-30,Downtown,Cheese Burger,Evan,2,7.48,14.96
2024-03-30,Suburb,Cheese Burger,Diana,2,11.49,22.98
2024-03-30,Downtown,Chicken Burger,Bob,2,10.0,20.0
2024-03-30,Suburb,Veggie Burger,Bob,1,7.01,7.01
2024-03-31,Suburb,Double Patty Burger,Charlie,4,7.1,28.4
2024-03-31,Downtown,Veggie Burger,Bob,1,7.6,7.6
2024-03-31,Uptown,Double Patty Burger,Evan,5,12.87,64.35
2024-03-31,Suburb,Double Patty Burger,Bob,3,13.14,39.42
2024-03-31,Suburb,Veggie Burger,Charlie,4,7.89,31.56
2024-03-31,Suburb,Chicken Burger,Diana,3,10.15,30.45
2024-03-31,Midtown,Classic Burger,Evan,5,8.54,42.7
2024-03-31,Suburb,Classic Burger,Evan,5,8.27,41.35
2024-03-31,Uptown,Classic Burger,Bob,2,14.41,28.82
2024-03-31,Downtown,Classic Burger,Evan,5,8.93,44.65
2024-04-01,Downtown,Veggie Burger,Alice,5,11.77,58.85
2024-04-01,Downtown,Chicken Burger,Charlie,1,5.13,5.13
2024-04-01,Downtown,Double Patty Burger,Evan,5,12.22,61.1
2024-04-01,Suburb,Double Patty Burger,Alice,5,12.19,60.95
2024-04-01,Uptown,Chicken Burger,Bob,1,8.45,8.45
2024-04-01,Uptown,Veggie Burger,Bob,3,7.42,22.26
2024-04-01,Uptown,Chicken Burger,Charlie,4,6.18,24.72
2024-04-02,Suburb,Veggie Burger,Charlie,4,10.72,42.88
2024-04-02,Midtown,Double Patty Burger,Alice,1,9.29,9.29
2024-04-02,Midtown,Veggie Burger,Bob,2,6.72,13.44
2024-04-02,Uptown,Cheese Burger,Charlie,5,13.71,68.55
2024-04-02,Uptown,Double Patty Burger,Evan,1,9.96,9.96
2024-04-02,Downtown,Double Patty Burger,Bob,1,7.06,7.06
2024-04-02,Downtown,Cheese Burger,Alice,3,7.04,21.12
2024-04-02,Downtown,Double Patty Burger,Alice,1,11.11,11.11
2024-04-02,Midtown,Classic Burger,Charlie,5,9.08,45.4
2024-04-02,Downtown,Double Patty Burger,Charlie,2,7.53,15.06
2024-04-02,Downtown,Chicken Burger,Alice,1,9.65,9.65
2024-04-02,Uptown,Classic Burger,Charlie,4,8.34,33.36
2024-04-02,Downtown,Double Patty Burger,Charlie,3,13.55,40.65
2024-04-02,Downtown,Veggie Burger,Charlie,5,9.1,45.5
2024-04-03,Suburb,Cheese Burger,Charlie,2,5.67,11.34
2024-04-03,Uptown,Chicken Burger,Alice,4,13.48,53.92
2024-04-03,Suburb,Classic Burger,Alice,5,9.5,47.5
2024-04-03,Downtown,Double Patty Burger,Diana,5,10.59,52.95
2024-04-03,Downtown,Veggie Burger,Charlie,3,8.51,25.53
2024-04-03,Suburb,Veggie Burger,Diana,3,8.69,26.07
2024-04-03,Midtown,Cheese Burger,Charlie,3,8.79,26.37
2024-04-03,Uptown,Classic Burger,Alice,4,11.32,45.28
2024-04-03,Uptown,Double Patty Burger,Alice,4,12.67,50.68
2024-04-03,Uptown,Cheese Burger,Evan,5,8.5,42.5
2024-04-03,Suburb,Cheese Burger,Diana,1,5.15,5.15
2024-04-03,Midtown,Chicken Burger,Evan,3,6.7,20.1
2024-04-03,Downtown,Chicken Burger,Evan,2,14.08,28.16
2024-04-04,Midtown,Veggie Burger,Evan,2,13.89,27.78
2024-04-04,Downtown,Double Patty Burger,Bob,4,9.74,38.96
2024-04-04,Downtown,Veggie Burger,Charlie,1,7.42,7.42
2024-04-04,Midtown,Cheese Burger,Diana,2,10.07,20.14
2024-04-04,Midtown,Classic Burger,Bob,2,6.34,12.68
2024-04-04,Midtown,Cheese Burger,Bob,1,7.72,7.72
2024-04-04,Uptown,Classic Burger,Charlie,3,11.36,34.08
2024-04-04,Downtown,Double Patty Burger,Diana,5,11.95,59.75
2024-04-04,Downtown,Veggie Burger,Diana,2,11.62,23.24
2024-04-04,Midtown,Chicken Burger,Diana,2,11.99,23.98
2024-04-04,Suburb,Classic Burger,Diana,1,9.64,9.64
2024-04-05,Uptown,Double Patty Burger,Evan,3,13.24,39.72
2024-04-05,Suburb,Cheese Burger,Alice,3,10.14,30.42
2024-04-05,Midtown,Double Patty Burger,Evan,2,13.45,26.9
2024-04-05,Midtown,Classic Burger,Evan,3,14.99,44.97
2024-04-05,Midtown,Double Patty Burger,Charlie,5,13.58,67.9
2024-04-05,Downtown,Veggie Burger,Charlie,5,8.18,40.9
2024-04-05,Midtown,Chicken Burger,Charlie,3,13.49,40.47
2024-04-05,Uptown,Veggie Burger,Diana,5,7.32,36.6
2024-04-05,Uptown,Cheese Burger,Alice,4,5.39,21.56
2024-04-05,Midtown,Veggie Burger,Bob,3,14.38,43.14
2024-04-06,Downtown,Double Patty Burger,Bob,3,10.81,32.43
2024-04-06,Downtown,Double Patty Burger,Charlie,3,11.76,35.28
2024-04-06,Downtown,Veggie Burger,Alice,4,10.69,42.76
2024-04-06,Midtown,Veggie Burger,Bob,4,10.28,41.12
2024-04-06,Midtown,Double Patty Burger,Charlie,5,14.81,74.05
2024-04-06,Suburb,Classic Burger,Bob,4,14.4,57.6
2024-04-06,Uptown,Veggie Burger,Charlie,5,11.75,58.75
2024-04-06,Midtown,Cheese Burger,Charlie,5,11.32,56.6
2024-04-06,Midtown,Classic Burger,Charlie,1,11.49,11.49
2024-04-07,Uptown,Veggie Burger,Alice,4,9.14,36.56
2024-04-07,Suburb,Chicken Burger,Bob,1,13.37,13.37
2024-04-07,Uptown,Cheese Burger,Diana,2,12.79,25.58
2024-04-07,Midtown,Veggie Burger,Charlie,4,9.55,38.2
2024-04-07,Suburb,Veggie Burger,Diana,2,9.02,18.04
2024-04-07,Downtown,Cheese Burger,Evan,1,7.77,7.77
2024-04-07,Suburb,Cheese Burger,Charlie,4,8.55,34.2
2024-04-07,Uptown,Chicken Burger,Evan,2,5.85,11.7
2024-04-07,Suburb,Chicken Burger,Diana,3,7.11,21.33
2024-04-07,Downtown,Veggie Burger,Charlie,5,13.0,65.0
2024-04-07,Suburb,Classic Burger,Charlie,3,5.3,15.9
2024-04-07,Uptown,Classic Burger,Alice,5,5.62,28.1
2024-04-07,Suburb,Chicken Burger,Evan,4,13.17,52.68
2024-04-07,Suburb,Cheese Burger,Evan,3,10.52,31.56
2024-04-08,Uptown,Chicken Burger,Bob,2,9.75,19.5
2024-04-08,Uptown,Cheese Burger,Diana,5,10.3,51.5
2024-04-08,Downtown,Classic Burger,Diana,3,8.26,24.78
2024-04-08,Suburb,Double Patty Burger,Diana,2,7.56,15.12
2024-04-08,Downtown,Chicken Burger,Evan,5,5.63,28.15
2024-04-08,Downtown,Cheese Burger,Diana,2,8.43,16.86
2024-04-09,Midtown,Cheese Burger,Charlie,4,11.17,44.68
2024-04-09,Uptown,Double Patty Burger,Bob,3,5.03,15.09
2024-04-09,Suburb,Classic Burger,Alice,2,13.22,26.44
2024-04-09,Uptown,Double Patty Burger,Bob,1,6.91,6.91
2024-04-09,Downtown,Cheese Burger,Charlie,4,12.77,51.08
2024-04-09,Midtown,Cheese Burger,Evan,1,12.65,12.65
2024-04-09,Suburb,Chicken Burger,Bob,3,10.23,30.69
2024-04-09,Downtown,Classic Burger,Diana,4,11.87,47.48
2024-04-09,Suburb,Classic Burger,Charlie,2,6.23,12.46
2024-04-09,Midtown,Chicken Burger,Charlie,1,10.14,10.14
2024-04-09,Suburb,Double Patty Burger,Evan,1,13.18,13.18
2024-04-09,Uptown,Veggie Burger,Evan,1,10.13,10.13
2024-04-10,Suburb,Chicken Burger,Alice,5,11.62,58.1
2024-04-10,Uptown,Chicken Burger,Evan,3,7.19,21.57
2024-04-10,Downtown,Cheese Burger,Evan,1,12.86,12.86
2024-04-10,Suburb,Veggie Burger,Bob,3,13.94,41.82
2024-04-10,Suburb,Classic Burger,Charlie,5,12.96,64.8
2024-04-10,Uptown,Chicken Burger,Alice,1,7.53,7.53
2024-04-10,Downtown,Cheese Burger,Diana,4,5.01,20.04
2024-04-10,Midtown,Cheese Burger,Bob,1,11.27,11.27
2024-04-10,Downtown,Classic Burger,Diana,1,10.54,10.54
2024-04-10,Downtown,Classic Burger,Bob,2,14.49,28.98
2024-04-11,Uptown,Veggie Burger,Bob,3,10.9,32.7
2024-04-11,Downtown,Classic Burger,Diana,1,12.02,12.02
2024-04-11,Midtown,Cheese Burger,Bob,1,12.04,12.04
2024-04-11,Downtown,Cheese Burger,Evan,2,6.71,13.42
2024-04-11,Downtown,Double Patty Burger,Alice,3,11.15,33.45
2024-04-11,Downtown,Chicken Burger,Bob,4,10.01,40.04
2024-04-11,Midtown,Chicken Burger,Alice,1,9.38,9.38
2024-04-11,Uptown,Classic Burger,Diana,3,12.54,37.62
2024-04-11,Suburb,Classic Burger,Diana,1,12.73,12.73
2024-04-11,Downtown,Classic Burger,Charlie,4,8.8,35.2
2024-04-11,Suburb,Cheese Burger,Charlie,3,10.68,32.04
2024-04-12,Downtown,Cheese Burger,Evan,5,10.66,53.3
2024-04-12,Midtown,Cheese Burger,Evan,5,13.27,66.35
2024-04-12,Uptown,Classic Burger,Alice,3,9.19,27.57
2024-04-12,Suburb,Classic Burger,Evan,3,7.94,23.82
2024-04-12,Suburb,Veggie Burger,Diana,3,11.11,33.33
2024-04-13,Suburb,Chicken Burger,Bob,5,13.85,69.25
2024-04-13,Suburb,Cheese Burger,Alice,3,8.4,25.2
2024-04-13,Downtown,Chicken Burger,Bob,1,12.06,12.06
2024-04-13,Midtown,Chicken Burger,Charlie,2,7.78,15.56
2024-04-13,Uptown,Veggie Burger,Diana,1,5.89,5.89
2024-04-13,Suburb,Classic Burger,Diana,2,14.29,28.58
2024-04-13,Suburb,Veggie Burger,Alice,4,7.73,30.92
2024-04-14,Uptown,Double Patty Burger,Alice,2,6.89,13.78
2024-04-14,Suburb,Cheese Burger,Alice,2,11.48,22.96
2024-04-14,Suburb,Cheese Burger,Charlie,3,7.94,23.82
2024-04-14,Midtown,Cheese Burger,Charlie,1,5.07,5.07
2024-04-14,Suburb,Classic Burger,Evan,4,9.11,36.44
2024-04-14,Uptown,Cheese Burger,Diana,4,14.09,56.36
2024-04-14,Midtown,Classic Burger,Alice,2,6.85,13.7
2024-04-14,Uptown,Double Patty Burger,Alice,4,13.31,53.24
2024-04-14,Uptown,Double Patty Burger,Evan,1,6.17,6.17
2024-04-14,Downtown,Cheese Burger,Bob,4,12.34,49.36
2024-04-14,Downtown,Double Patty Burger,Alice,2,10.47,20.94
2024-04-15,Midtown,Chicken Burger,Diana,3,14.32,42.96
2024-04-15,Suburb,Veggie Burger,Charlie,2,10.61,21.22
2024-04-15,Suburb,Classic Burger,Charlie,5,12.8,64.0
2024-04-15,Uptown,Double Patty Burger,Evan,5,6.19,30.95
2024-04-15,Downtown,Double Patty Burger,Evan,1,13.96,13.96
2024-04-16,Downtown,Chicken Burger,Charlie,3,10.32,30.96
2024-04-16,Suburb,Cheese Burger,Evan,3,12.48,37.44
2024-04-16,Suburb,Double Patty Burger,Evan,4,14.84,59.36
2024-04-16,Downtown,Cheese Burger,Evan,2,5.5,11.0
2024-04-16,Suburb,Classic Burger,Diana,1,9.58,9.58
2024-04-16,Suburb,Double Patty Burger,Alice,1,6.38,6.38
2024-04-17,Uptown,Cheese Burger,Evan,1,5.76,5.76
2024-04-17,Midtown,Double Patty Burger,Alice,1,10.57,10.57
2024-04-17,Downtown,Classic Burger,Alice,5,13.41,67.05
2024-04-17,Uptown,Double Patty Burger,Evan,3,12.82,38.46
2024-04-17,Midtown,Double Patty Burger,Charlie,4,6.19,24.76
2024-04-17,Uptown,Cheese Burger,Alice,1,11.02,11.02
2024-04-17,Midtown,Double Patty Burger,Bob,4,7.5,30.0
2024-04-17,Midtown,Cheese Burger,Bob,4,10.62,42.48
2024-04-17,Uptown,Double Patty Burger,Diana,3,12.74,38.22
2024-04-17,Midtown,Chicken Burger,Charlie,1,11.48,11.48
2024-04-17,Suburb,Chicken Burger,Charlie,2,13.34,26.68
2024-04-17,Suburb,Double Patty Burger,Evan,1,13.99,13.99
2024-04-17,Uptown,Classic Burger,Charlie,4,9.13,36.52
2024-04-17,Uptown,Double Patty Burger,Diana,3,5.29,15.87
2024-04-18,Downtown,Cheese Burger,Diana,5,12.1,60.5
2024-04-18,Midtown,Veggie Burger,Alice,5,13.36,66.8
2024-04-18,Midtown,Chicken Burger,Charlie,2,8.17,16.34
2024-04-18,Suburb,Veggie Burger,Bob,2,5.43,10.86
2024-04-18,Downtown,Double Patty Burger,Diana,2,13.24,26.48
2024-04-18,Downtown,Double Patty Burger,Bob,5,9.31,46.55
2024-04-18,Suburb,Double Patty Burger,Bob,2,7.5,15.0
2024-04-18,Uptown,Classic Burger,Evan,2,10.73,21.46
2024-04-19,Midtown,Veggie Burger,Bob,3,12.13,36.39
2024-04-19,Suburb,Chicken Burger,Diana,1,12.28,12.28
2024-04-19,Downtown,Veggie Burger,Alice,4,8.82,35.28
2024-04-19,Midtown,Veggie Burger,Evan,3,12.8,38.4
2024-04-19,Downtown,Chicken Burger,Diana,1,9.31,9.31
2024-04-19,Midtown,Classic Burger,Alice,2,11.23,22.46
2024-04-19,Midtown,Double Patty Burger,Diana,1,6.6,6.6
2024-04-19,Downtown,Classic Burger,Bob,2,5.84,11.68
2024-04-19,Uptown,Classic Burger,Alice,3,11.02,33.06
2024-04-19,Uptown,Cheese Burger,Charlie,3,5.24,15.72
2024-04-19,Downtown,Double Patty Burger,Alice,2,14.26,28.52
2024-04-19,Uptown,Cheese Burger,Charlie,3,9.2,27.6
2024-04-20,Uptown,Veggie Burger,Evan,3,10.83,32.49
2024-04-20,Uptown,Classic Burger,Diana,3,8.06,24.18
2024-04-20,Suburb,Cheese Burger,Diana,4,8.98,35.92
2024-04-20,Midtown,Cheese Burger,Bob,3,10.35,31.05
2024-04-20,Midtown,Chicken Burger,Diana,5,13.32,66.6
2024-04-20,Downtown,Double Patty Burger,Alice,4,13.17,52.68
2024-04-20,Downtown,Cheese Burger,Diana,4,5.51,22.04
2024-04-21,Uptown,Cheese Burger,Evan,4,9.93,39.72
2024-04-21,Downtown,Double Patty Burger,Charlie,4,11.94,47.76
2024-04-21,Suburb,Veggie Burger,Evan,2,7.09,14.18
2024-04-21,Downtown,Veggie Burger,Diana,5,6.49,32.45
2024-04-21,Uptown,Chicken Burger,Bob,2,5.57,11.14
2024-04-21,Suburb,Double Patty Burger,Charlie,2,6.93,13.86
2024-04-21,Uptown,Double Patty Burger,Diana,4,13.96,55.84
2024-04-21,Suburb,Classic Burger,Charlie,3,11.48,34.44
2024-04-21,Suburb,Classic Burger,Diana,1,10.46,10.46
2024-04-22,Uptown,Double Patty Burger,Diana,3,8.6,25.8
2024-04-22,Uptown,Chicken Burger,Evan,4,5.81,23.24
2024-04-22,Uptown,Classic Burger,Bob,4,14.77,59.08
2024-04-22,Uptown,Veggie Burger,Alice,5,13.66,68.3
2024-04-22,Midtown,Double Patty Burger,Bob,3,9.11,27.33
2024-04-22,Uptown,Cheese Burger,Diana,1,10.01,10.01
2024-04-23,Downtown,Veggie Burger,Alice,3,10.56,31.68
2024-04-23,Suburb,Cheese Burger,Bob,4,5.4,21.6
2024-04-23,Downtown,Veggie Burger,Diana,1,11.52,11.52
2024-04-23,Downtown,Cheese Burger,Bob,2,13.66,27.32
2024-04-23,Suburb,Veggie Burger,Bob,3,14.79,44.37
2024-04-23,Midtown,Veggie Burger,Evan,3,8.24,24.72
2024-04-23,Uptown,Veggie Burger,Alice,2,12.66,25.32
2024-04-23,Uptown,Chicken Burger,Diana,4,12.69,50.76
2024-04-23,Downtown,Cheese Burger,Diana,2,7.33,14.66
2024-04-23,Downtown,Classic Burger,Bob,5,11.5,57.5
2024-04-23,Downtown,Classic Burger,Diana,2,5.45,10.9
2024-04-24,Suburb,Cheese Burger,Bob,1,14.29,14.29
2024-04-24,Suburb,Classic Burger,Diana,2,5.14,10.28
2024-04-24,Suburb,Classic Burger,Bob,4,9.83,39.32
2024-04-24,Uptown,Classic Burger,Charlie,4,12.24,48.96
2024-04-24,Uptown,Veggie Burger,Bob,1,14.65,14.65
2024-04-24,Downtown,Chicken Burger,Evan,4,6.66,26.64
2024-04-24,Midtown,Double Patty Burger,Bob,5,11.01,55.05
2024-04-24,Uptown,Cheese Burger,Bob,4,6.51,26.04
2024-04-24,Uptown,Chicken Burger,Evan,4,12.27,49.08
2024-04-24,Midtown,Double Patty Burger,Diana,1,8.08,8.08
2024-04-24,Downtown,Chicken Burger,Diana,2,10.81,21.62
2024-04-24,Midtown,Double Patty Burger,Charlie,3,14.24,42.72
2024-04-24,Downtown,Veggie Burger,Diana,1,11.65,11.65
2024-04-25,Uptown,Chicken Burger,Alice,1,9.61,9.61
2024-04-25,Suburb,Cheese Burger,Evan,5,13.94,69.7
2024-04-25,Midtown,Veggie Burger,Charlie,1,5.14,5.14
2024-04-25,Midtown,Classic Burger,Diana,3,6.48,19.44
2024-04-25,Uptown,Double Patty Burger,Charlie,4,10.66,42.64
2024-04-25,Downtown,Double Patty Burger,Alice,2,11.07,22.14
2024-04-25,Suburb,Veggie Burger,Alice,1,8.15,8.15
2024-04-25,Midtown,Veggie Burger,Charlie,5,5.88,29.4
2024-04-25,Suburb,Veggie Burger,Diana,3,13.12,39.36
2024-04-25,Uptown,Double Patty Burger,Alice,1,9.89,9.89
2024-04-25,Suburb,Double Patty Burger,Charlie,1,11.32,11.32
2024-04-26,Downtown,Veggie Burger,Diana,4,10.73,42.92
2024-04-26,Suburb,Classic Burger,Diana,3,10.0,30.0
2024-04-26,Uptown,Veggie Burger,Evan,3,6.87,20.61
2024-04-26,Suburb,Classic Burger,Diana,4,9.92,39.68
2024-04-26,Downtown,Veggie Burger,Charlie,4,10.51,42.04
2024-04-26,Uptown,Veggie Burger,Bob,3,7.78,23.34
2024-04-26,Downtown,Chicken Burger,Charlie,3,10.86,32.58
2024-04-27,Uptown,Veggie Burger,Bob,2,13.2,26.4
2024-04-27,Uptown,Cheese Burger,Charlie,3,11.89,35.67
2024-04-27,Uptown,Chicken Burger,Alice,2,6.54,13.08
2024-04-27,Midtown,Veggie Burger,Diana,3,14.08,42.24
2024-04-27,Suburb,Classic Burger,Diana,2,12.7,25.4
2024-04-27,Suburb,Veggie Burger,Charlie,5,10.3,51.5
2024-04-27,Downtown,Classic Burger,Evan,1,13.33,13.33
2024-04-27,Uptown,Classic Burger,Diana,4,8.96,35.84
2024-04-27,Downtown,Cheese Burger,Charlie,4,14.35,57.4
2024-04-27,Midtown,Double Patty Burger,Bob,4,10.8,43.2
2024-04-27,Downtown,Cheese Burger,Alice,5,8.39,41.95
2024-04-28,Uptown,Veggie Burger,Diana,1,6.06,6.06
2024-04-28,Uptown,Chicken Burger,Evan,5,6.15,30.75
2024-04-28,Suburb,Classic Burger,Charlie,2,11.14,22.28
2024-04-28,Downtown,Chicken Burger,Bob,1,14.41,14.41
2024-04-28,Uptown,Classic Burger,Bob,1,6.51,6.51
2024-04-28,Uptown,Classic Burger,Evan,2,9.01,18.02
2024-04-28,Suburb,Classic Burger,Alice,4,8.92,35.68
2024-04-28,Uptown,Chicken Burger,Alice,4,7.09,28.36
2024-04-29,Suburb,Classic Burger,Bob,1,5.99,5.99
2024-04-29,Suburb,Double Patty Burger,Charlie,4,10.4,41.6
2024-04-29,Midtown,Veggie Burger,Charlie,1,8.96,8.96
2024-04-29,Suburb,Double Patty Burger,Charlie,3,9.33,27.99
2024-04-29,Suburb,Double Patty Burger,Alice,2,9.7,19.4
2024-04-29,Downtown,Chicken Burger,Charlie,2,11.3,22.6
2024-04-29,Uptown,Chicken Burger,Bob,2,7.77,15.54
2024-04-29,Midtown,Double Patty Burger,Alice,2,14.88,29.76
2024-04-29,Uptown,Double Patty Burger,Diana,3,10.16,30.48
2024-04-29,Midtown,Double Patty Burger,Alice,2,9.81,19.62
2024-04-29,Downtown,Chicken Burger,Charlie,1,13.74,13.74
2024-04-29,Suburb,Double Patty Burger,Alice,3,6.32,18.96
2024-04-29,Midtown,Cheese Burger,Diana,5,6.16,30.8
2024-04-29,Uptown,Veggie Burger,Charlie,2,8.83,17.66
2024-04-30,Uptown,Classic Burger,Diana,3,6.97,20.91
2024-04-30,Midtown,Chicken Burger,Charlie,2,7.64,15.28
2024-04-30,Uptown,Double Patty Burger,Bob,4,14.35,57.4
2024-04-30,Uptown,Classic Burger,Alice,5,9.14,45.7
2024-04-30,Suburb,Chicken Burger,Diana,3,11.26,33.78
2024-04-30,Downtown,Cheese Burger,Evan,5,11.04,55.2
2024-04-30,Uptown,Double Patty Burger,Charlie,2,10.43,20.86
2024-04-30,Uptown,Double Patty Burger,Charlie,3,6.84,20.52
2024-04-30,Suburb,Double Patty Burger,Charlie,4,8.98,35.92
2024-05-01,Midtown,Cheese Burger,Diana,4,5.07,20.28
2024-05-01,Midtown,Double Patty Burger,Evan,3,13.78,41.34
2024-05-01,Suburb,Double Patty Burger,Evan,1,14.18,14.18
2024-05-01,Midtown,Cheese Burger,Alice,1,11.46,11.46
2024-05-01,Downtown,Cheese Burger,Charlie,1,5.77,5.77
2024-05-01,Suburb,Classic Burger,Alice,4,6.23,24.92
2024-05-01,Suburb,Classic Burger,Diana,1,5.59,5.59
2024-05-02,Midtown,Double Patty Burger,Charlie,1,6.43,6.43
2024-05-02,Downtown,Veggie Burger,Diana,2,11.72,23.44
2024-05-02,Midtown,Classic Burger,Diana,3,8.31,24.93
2024-05-02,Suburb,Classic Burger,Diana,4,8.35,33.4
2024-05-02,Uptown,Classic Burger,Bob,3,14.68,44.04
2024-05-02,Uptown,Double Patty Burger,Evan,5,5.97,29.85
2024-05-02,Uptown,Cheese Burger,Bob,2,10.88,21.76
2024-05-02,Downtown,Cheese Burger,Diana,5,7.81,39.05
2024-05-02,Downtown,Veggie Burger,Charlie,3,8.25,24.75
2024-05-02,Uptown,Double Patty Burger,Diana,1,11.31,11.31
2024-05-03,Uptown,Veggie Burger,Bob,4,12.31,49.24
2024-05-03,Suburb,Chicken Burger,Charlie,1,13.33,13.33
2024-05-03,Midtown,Chicken Burger,Evan,1,14.57,14.57
2024-05-03,Midtown,Cheese Burger,Charlie,5,11.19,55.95
2024-05-03,Suburb,Chicken Burger,Charlie,4,14.94,59.76
2024-05-03,Suburb,Chicken Burger,Evan,2,14.07,28.14
2024-05-03,Downtown,Classic Burger,Alice,3,11.69,35.07
2024-05-03,Midtown,Veggie Burger,Evan,3,8.5,25.5
2024-05-03,Midtown,Classic Burger,Evan,1,6.99,6.99
2024-05-03,Midtown,Double Patty Burger,Diana,2,5.69,11.38
2024-05-03,Midtown,Veggie Burger,Bob,2,5.43,10.86
2024-05-04,Midtown,Classic Burger,Evan,5,9.12,45.6
2024-05-04,Downtown,Cheese Burger,Evan,5,9.41,47.05
2024-05-04,Suburb,Double Patty Burger,Evan,4,10.99,43.96
2024-05-04,Downtown,Cheese Burger,Alice,2,5.06,10.12
2024-05-04,Uptown,Veggie Burger,Alice,5,12.35,61.75
2024-05-04,Downtown,Veggie Burger,Bob,3,6.74,20.22
2024-05-04,Midtown,Classic Burger,Charlie,2,12.14,24.28
2024-05-04,Suburb,Double Patty Burger,Evan,3,13.97,41.91
2024-05-04,Suburb,Classic Burger,Evan,1,13.62,13.62
2024-05-04,Midtown,Cheese Burger,Alice,2,11.27,22.54
2024-05-05,Midtown,Classic Burger,Charlie,1,10.72,10.72
2024-05-05,Midtown,Classic Burger,Bob,4,12.91,51.64
2024-05-05,Uptown,Cheese Burger,Alice,5,10.94,54.7
2024-05-05,Downtown,Cheese Burger,Alice,3,5.88,17.64
2024-05-05,Uptown,Cheese Burger,Alice,4,10.79,43.16
2024-05-05,Suburb,Chicken Burger,Evan,1,11.05,11.05
2024-05-05,Suburb,Classic Burger,Evan,1,7.94,7.94
2024-05-05,Downtown,Veggie Burger,Alice,4,12.07,48.28
2024-05-05,Downtown,Chicken Burger,Bob,2,13.16,26.32
2024-05-05,Suburb,Cheese Burger,Evan,2,7.08,14.16
2024-05-05,Downtown,Veggie Burger,Alice,5,5.01,25.05
2024-05-06,Downtown,Cheese Burger,Evan,4,10.0,40.0
2024-05-06,Suburb,Double Patty Burger,Bob,4,12.58,50.32
2024-05-06,Suburb,Cheese Burger,Diana,5,14.35,71.75
2024-05-06,Uptown,Cheese Burger,Charlie,5,12.66,63.3
2024-05-06,Downtown,Cheese Burger,Diana,4,5.54,22.16
2024-05-06,Downtown,Cheese Burger,Alice,5,9.28,46.4
2024-05-06,Suburb,Cheese Burger,Charlie,2,6.47,12.94
2024-05-06,Midtown,Chicken Burger,Evan,3,8.98,26.94
2024-05-06,Suburb,Veggie Burger,Alice,4,12.95,51.8
2024-05-07,Midtown,Classic Burger,Charlie,4,8.77,35.08
2024-05-07,Midtown,Classic Burger,Alice,3,7.49,22.47
2024-05-07,Suburb,Chicken Burger,Charlie,2,10.46,20.92
2024-05-07,Downtown,Double Patty Burger,Charlie,2,12.65,25.3
2024-05-07,Downtown,Cheese Burger,Evan,1,5.54,5.54
2024-05-07,Uptown,Veggie Burger,Bob,3,8.06,24.18
2024-05-07,Suburb,Veggie Burger,Charlie,5,6.37,31.85
2024-05-07,Uptown,Double Patty Burger,Charlie,3,14.46,43.38
2024-05-07,Suburb,Veggie Burger,Alice,5,12.05,60.25
2024-05-07,Midtown,Chicken Burger,Charlie,3,11.38,34.14
2024-05-07,Downtown,Veggie Burger,Alice,3,7.18,21.54
2024-05-08,Suburb,Classic Burger,Charlie,3,11.77,35.31
2024-05-08,Downtown,Cheese Burger,Diana,5,10.11,50.55
2024-05-08,Midtown,Classic Burger,Charlie,5,14.81,74.05
2024-05-08,Midtown,Chicken Burger,Charlie,4,9.69,38.76
2024-05-08,Suburb,Double Patty Burger,Evan,1,8.04,8.04
2024-05-08,Suburb,Cheese Burger,Bob,2,5.47,10.94
2024-05-08,Uptown,Veggie Burger,Bob,4,7.33,29.32
2024-05-08,Midtown,Veggie Burger,Evan,1,6.32,6.32
2024-05-08,Suburb,Double Patty Burger,Diana,1,7.22,7.22
2024-05-08,Uptown,Chicken Burger,Alice,5,10.21,51.05
2024-05-08,Uptown,Double Patty Burger,Evan,1,6.38,6.38
2024-05-09,Midtown,Cheese Burger,Alice,5,11.63,58.15
2024-05-09,Suburb,Double Patty Burger,Diana,5,9.11,45.55
2024-05-09,Uptown,Veggie Burger,Evan,2,11.49,22.98
2024-05-09,Downtown,Veggie Burger,Alice,2,5.46,10.92
2024-05-09,Suburb,Double Patty Burger,Bob,1,14.96,14.96
2024-05-09,Downtown,Double Patty Burger,Diana,3,5.55,16.65
2024-05-09,Suburb,Classic Burger,Evan,2,7.2,14.4
2024-05-09,Downtown,Veggie Burger,Diana,2,6.68,13.36
2024-05-09,Uptown,Veggie Burger,Alice,2,12.23,24.46
2024-05-09,Midtown,Classic Burger,Alice,4,10.12,40.48
2024-05-09,Uptown,Veggie Burger,Charlie,3,11.21,33.63
2024-05-09,Suburb,Cheese Burger,Alice,4,14.18,56.72
2024-05-10,Midtown,Cheese Burger,Bob,1,8.92,8.92
2024-05-10,Uptown,Double Patty Burger,Alice,5,11.87,59.35
2024-05-10,Downtown,Cheese Burger,Alice,2,13.66,27.32
2024-05-10,Midtown,Cheese Burger,Bob,2,5.38,10.76
2024-05-10,Midtown,Cheese Burger,Bob,2,10.38,20.76
2024-05-10,Uptown,Classic Burger,Diana,2,5.97,11.94
2024-05-11,Uptown,Classic Burger,Charlie,4,14.54,58.16
2024-05-11,Suburb,Veggie Burger,Diana,3,5.01,15.03
2024-05-11,Downtown,Classic Burger,Alice,3,9.28,27.84
2024-05-11,Downtown,Chicken Burger,Charlie,5,13.76,68.8
2024-05-11,Suburb,Double Patty Burger,Charlie,1,10.37,10.37
2024-05-11,Downtown,Cheese Burger,Bob,1,8.15,8.15
2024-05-11,Midtown,Classic Burger,Charlie,3,8.26,24.78
2024-05-11,Uptown,Veggie Burger,Bob,5,5.43,27.15
2024-05-11,Downtown,Double Patty Burger,Evan,1,14.55,14.55
2024-05-12,Downtown,Chicken Burger,Charlie,5,9.83,49.15
2024-05-12,Uptown,Chicken Burger,Alice,4,14.35,57.4
2024-05-12,Midtown,Classic Burger,Alice,3,13.88,41.64
2024-05-12,Suburb,Double Patty Burger,Diana,2,8.77,17.54
2024-05-12,Suburb,Veggie Burger,Bob,2,6.94,13.88
2024-05-12,Downtown,Double Patty Burger,Diana,1,11.46,11.46
2024-05-12,Uptown,Double Patty Burger,Bob,3,8.77,26.31
2024-05-12,Downtown,Classic Burger,Bob,5,14.56,72.8
2024-05-12,Suburb,Veggie Burger,Bob,1,5.43,5.43
2024-05-13,Suburb,Veggie Burger,Alice,5,6.41,32.05
2024-05-13,Midtown,Cheese Burger,Alice,5,8.43,42.15
2024-05-13,Midtown,Veggie Burger,Evan,2,9.5,19.0
2024-05-13,Downtown,Veggie Burger,Bob,2,14.24,28.48
2024-05-13,Downtown,Classic Burger,Evan,4,11.36,45.44
2024-05-13,Midtown,Cheese Burger,Bob,2,11.89,23.78
2024-05-13,Downtown,Chicken Burger,Alice,1,6.97,6.97
2024-05-13,Midtown,Cheese Burger,Charlie,4,11.01,44.04
2024-05-13,Downtown,Veggie Burger,Diana,1,6.93,6.93
2024-05-13,Midtown,Cheese Burger,Bob,2,8.78,17.56
2024-05-13,Uptown,Double Patty Burger,Alice,4,5.25,21.0
2024-05-14,Downtown,Veggie Burger,Bob,1,11.1,11.1
2024-05-14,Midtown,Double Patty Burger,Alice,5,10.45,52.25
2024-05-14,Uptown,Classic Burger,Alice,5,13.49,67.45
2024-05-14,Suburb,Classic Burger,Diana,1,8.43,8.43
2024-05-14,Downtown,Double Patty Burger,Bob,2,12.42,24.84
2024-05-14,Downtown,Cheese Burger,Evan,2,10.35,20.7
2024-05-14,Uptown,Cheese Burger,Diana,5,10.99,54.95
2024-05-14,Downtown,Classic Burger,Alice,5,8.39,41.95
2024-05-14,Uptown,Veggie Burger,Diana,3,5.55,16.65
2024-05-14,Downtown,Veggie Burger,Diana,5,13.73,68.65
2024-05-14,Uptown,Chicken Burger,Bob,1,11.91,11.91
2024-05-14,Uptown,Chicken Burger,Alice,2,13.29,26.58
2024-05-14,Midtown,Cheese Burger,Alice,2,10.54,21.08
2024-05-14,Suburb,Classic Burger,Diana,1,8.12,8.12
2024-05-15,Midtown,Classic Burger,Bob,3,14.86,44.58
2024-05-15,Suburb,Double Patty Burger,Diana,5,12.45,62.25
2024-05-15,Downtown,Classic Burger,Alice,2,5.63,11.26
2024-05-15,Suburb,Cheese Burger,Evan,4,11.19,44.76
2024-05-15,Suburb,Classic Burger,Charlie,2,7.04,14.08
2024-05-15,Midtown,Classic Burger,Bob,1,9.83,9.83
2024-05-15,Midtown,Veggie Burger,Diana,4,12.15,48.6
2024-05-16,Uptown,Chicken Burger,Alice,4,14.62,58.48
2024-05-16,Downtown,Double Patty Burger,Bob,4,6.23,24.92
2024-05-16,Suburb,Chicken Burger,Bob,2,14.77,29.54
2024-05-16,Midtown,Double Patty Burger,Alice,4,12.38,49.52
2024-05-16,Suburb,Veggie Burger,Charlie,4,12.01,48.04
2024-05-16,Suburb,Chicken Burger,Charlie,2,14.37,28.74
2024-05-17,Downtown,Chicken Burger,Bob,4,13.42,53.68
2024-05-17,Uptown,Double Patty Burger,Charlie,3,8.4,25.2
2024-05-17,Midtown,Double Patty Burger,Charlie,5,12.77,63.85
2024-05-17,Midtown,Double Patty Burger,Charlie,3,6.65,19.95
2024-05-17,Midtown,Double Patty Burger,Evan,1,11.35,11.35
2024-05-17,Downtown,Classic Burger,Bob,5,12.48,62.4
2024-05-17,Downtown,Veggie Burger,Bob,5,9.35,46.75
2024-05-17,Uptown,Cheese Burger,Diana,4,5.93,23.72
2024-05-17,Uptown,Classic Burger,Bob,2,6.01,12.02
2024-05-17,Midtown,Veggie Burger,Alice,4,5.57,22.28
2024-05-18,Downtown,Cheese Burger,Bob,5,11.17,55.85
2024-05-18,Suburb,Cheese Burger,Evan,3,14.23,42.69
2024-05-18,Downtown,Cheese Burger,Bob,5,11.67,58.35
2024-05-18,Midtown,Classic Burger,Diana,1,9.08,9.08
2024-05-18,Uptown,Veggie Burger,Diana,5,12.28,61.4
2024-05-18,Downtown,Chicken Burger,Diana,5,8.86,44.3
2024-05-18,Downtown,Cheese Burger,Evan,5,6.37,31.85
2024-05-18,Uptown,Chicken Burger,Alice,1,12.25,12.25
2024-05-18,Uptown,Double Patty Burger,Diana,4,13.52,54.08
2024-05-18,Uptown,Cheese Burger,Alice,3,12.41,37.23
2024-05-18,Suburb,Veggie Burger,Bob,5,10.18,50.9
2024-05-18,Downtown,Classic Burger,Alice,3,12.83,38.49
2024-05-18,Suburb,Classic Burger,Diana,4,7.4,29.6
2024-05-18,Midtown,Cheese Burger,Alice,4,8.78,35.12
2024-05-19,Uptown,Classic Burger,Charlie,2,9.02,18.04
2024-05-19,Suburb,Double Patty Burger,Alice,5,7.51,37.55
2024-05-19,Midtown,Classic Burger,Evan,2,11.17,22.34
2024-05-19,Midtown,Cheese Burger,Evan,2,8.32,16.64
2024-05-19,Suburb,Double Patty Burger,Diana,5,5.99,29.95
2024-05-19,Suburb,Classic Burger,Charlie,2,14.7,29.4
2024-05-19,Suburb,Classic Burger,Evan,1,7.85,7.85
2024-05-19,Midtown,Cheese Burger,Evan,3,7.01,21.03
2024-05-19,Midtown,Classic Burger,Diana,2,5.56,11.12
2024-05-19,Suburb,Cheese Burger,Alice,5,6.65,33.25
2024-05-19,Uptown,Double Patty Burger,Charlie,5,7.2,36.0
2024-05-19,Suburb,Veggie Burger,Bob,2,12.52,25.04
2024-05-19,Uptown,Veggie Burger,Diana,4,10.33,41.32
2024-05-19,Downtown,Chicken Burger,Bob,5,8.94,44.7
2024-05-20,Suburb,Chicken Burger,Diana,1,9.06,9.06
2024-05-20,Downtown,Double Patty Burger,Evan,3,13.99,41.97
2024-05-20,Downtown,Classic Burger,Evan,2,13.45,26.9
2024-05-20,Suburb,Chicken Burger,Charlie,4,12.56,50.24
2024-05-20,Downtown,Chicken Burger,Charlie,4,11.17,44.68
2024-05-20,Downtown,Double Patty Burger,Evan,5,6.48,32.4
2024-05-20,Midtown,Double Patty Burger,Charlie,5,14.86,74.3
2024-05-20,Suburb,Double Patty Burger,Bob,1,5.09,5.09
2024-05-20,Uptown,Double Patty Burger,Alice,4,10.05,40.2
2024-05-20,Downtown,Chicken Burger,Diana,3,6.34,19.02
2024-05-20,Uptown,Cheese Burger,Evan,2,9.88,19.76
2024-05-20,Uptown,Veggie Burger,Bob,4,11.29,45.16
2024-05-20,Midtown,Classic Burger,Evan,3,7.05,21.15
2024-05-20,Downtown,Double Patty Burger,Evan,3,7.42,22.26
2024-05-21,Suburb,Chicken Burger,Bob,4,14.77,59.08
2024-05-21,Suburb,Cheese Burger,Diana,5,9.35,46.75
2024-05-21,Downtown,Double Patty Burger,Bob,3,14.48,43.44
2024-05-21,Midtown,Classic Burger,Bob,1,10.93,10.93
2024-05-21,Downtown,Classic Burger,Evan,2,12.42,24.84
2024-05-21,Uptown,Chicken Burger,Diana,5,7.89,39.45
2024-05-21,Downtown,Cheese Burger,Alice,3,5.57,16.71
2024-05-21,Midtown,Cheese Burger,Bob,1,8.39,8.39
2024-05-21,Midtown,Chicken Burger,Alice,3,9.11,27.33
2024-05-21,Midtown,Cheese Burger,Alice,3,10.14,30.42
2024-05-21,Midtown,Classic Burger,Diana,2,10.82,21.64
2024-05-21,Midtown,Double Patty Burger,Charlie,4,14.39,57.56
2024-05-21,Uptown,Chicken Burger,Diana,3,11.97,35.91
2024-05-21,Uptown,Cheese Burger,Alice,2,9.81,19.62
2024-05-22,Suburb,Double Patty Burger,Diana,4,7.04,28.16
2024-05-22,Midtown,Double Patty Burger,Diana,4,8.11,32.44
2024-05-22,Downtown,Classic Burger,Bob,5,13.58,67.9
2024-05-22,Uptown,Double Patty Burger,Bob,4,7.98,31.92
2024-05-22,Suburb,Veggie Burger,Evan,4,7.27,29.08
2024-05-23,Suburb,Veggie Burger,Bob,2,8.43,16.86
2024-05-23,Uptown,Cheese Burger,Alice,5,5.52,27.6
2024-05-23,Uptown,Cheese Burger,Bob,3,14.84,44.52
2024-05-23,Midtown,Double Patty Burger,Alice,4,14.61,58.44
2024-05-23,Uptown,Double Patty Burger,Evan,1,5.22,5.22
2024-05-23,Downtown,Cheese Burger,Alice,4,11.06,44.24
2024-05-23,Uptown,Veggie Burger,Charlie,4,10.62,42.48
2024-05-23,Downtown,Classic Burger,Evan,3,10.36,31.08
2024-05-23,Uptown,Chicken Burger,Bob,1,13.94,13.94
2024-05-24,Midtown,Double Patty Burger,Diana,4,9.53,38.12
2024-05-24,Uptown,Classic Burger,Diana,5,6.43,32.15
2024-05-24,Uptown,Classic Burger,Evan,3,9.05,27.15
2024-05-24,Downtown,Double Patty Burger,Charlie,2,10.79,21.58
2024-05-24,Downtown,Veggie Burger,Alice,5,10.1,50.5
2024-05-24,Midtown,Chicken Burger,Diana,4,5.87,23.48
2024-05-24,Downtown,Veggie Burger,Evan,5,8.47,42.35
2024-05-24,Downtown,Classic Burger,Evan,2,14.38,28.76
2024-05-24,Suburb,Cheese Burger,Bob,3,10.38,31.14
2024-05-24,Downtown,Veggie Burger,Bob,4,12.49,49.96
2024-05-24,Downtown,Cheese Burger,Evan,3,7.37,22.11
2024-05-24,Midtown,Chicken Burger,Evan,4,14.77,59.08
2024-05-24,Downtown,Chicken Burger,Diana,5,7.27,36.35
2024-05-24,Midtown,Double Patty Burger,Bob,2,14.9,29.8
2024-05-25,Downtown,Veggie Burger,Charlie,1,13.96,13.96
2024-05-25,Suburb,Chicken Burger,Alice,4,9.84,39.36
2024-05-25,Downtown,Veggie Burger,Charlie,3,8.38,25.14
2024-05-25,Suburb,Classic Burger,Evan,1,12.51,12.51
2024-05-25,Uptown,Veggie Burger,Charlie,4,10.13,40.52
2024-05-25,Suburb,Veggie Burger,Diana,2,11.54,23.08
2024-05-26,Downtown,Cheese Burger,Diana,2,8.72,17.44
2024-05-26,Uptown,Chicken Burger,Charlie,1,13.67,13.67
2024-05-26,Uptown,Veggie Burger,Charlie,2,7.48,14.96
2024-05-26,Suburb,Chicken Burger,Diana,1,13.89,13.89
2024-05-26,Uptown,Veggie Burger,Diana,5,5.52,27.6
2024-05-27,Midtown,Classic Burger,Alice,1,5.48,5.48
2024-05-27,Uptown,Double Patty Burger,Diana,2,5.07,10.14
2024-05-27,Suburb,Chicken Burger,Bob,2,9.45,18.9
2024-05-27,Uptown,Chicken Burger,Bob,1,7.42,7.42
2024-05-27,Uptown,Classic Burger,Charlie,4,8.81,35.24
2024-05-27,Midtown,Cheese Burger,Bob,5,12.4,62.0
2024-05-27,Uptown,Cheese Burger,Diana,2,9.17,18.34
2024-05-27,Suburb,Veggie Burger,Charlie,2,6.19,12.38
2024-05-28,Midtown,Double Patty Burger,Bob,4,5.9,23.6
2024-05-28,Suburb,Classic Burger,Diana,3,9.11,27.33
2024-05-28,Uptown,Classic Burger,Charlie,5,8.67,43.35
2024-05-28,Suburb,Chicken Burger,Charlie,3,13.0,39.0
2024-05-28,Downtown,Double Patty Burger,Charlie,4,9.32,37.28
2024-05-29,Uptown,Double Patty Burger,Charlie,1,6.83,6.83
2024-05-29,Downtown,Veggie Burger,Alice,1,14.93,14.93
2024-05-29,Downtown,Chicken Burger,Bob,4,6.76,27.04
2024-05-29,Midtown,Cheese Burger,Charlie,3,7.94,23.82
2024-05-29,Uptown,Chicken Burger,Evan,4,13.52,54.08
2024-05-29,Downtown,Classic Burger,Alice,5,10.69,53.45
2024-05-29,Downtown,Cheese Burger,Alice,1,12.52,12.52
2024-05-29,Suburb,Double Patty Burger,Charlie,3,7.61,22.83
2024-05-30,Midtown,Double Patty Burger,Bob,2,12.14,24.28
2024-05-30,Midtown,Veggie Burger,Evan,5,8.1,40.5
2024-05-30,Downtown,Chicken Burger,Alice,2,7.58,15.16
2024-05-30,Downtown,Chicken Burger,Alice,5,13.68,68.4
2024-05-30,Downtown,Veggie Burger,Bob,4,6.14,24.56
2024-05-30,Suburb,Classic Burger,Evan,5,12.65,63.25
2024-05-30,Downtown,Cheese Burger,Evan,2,11.39,22.78
2024-05-30,Downtown,Double Patty Burger,Charlie,2,7.65,15.3
2024-05-30,Midtown,Chicken Burger,Bob,1,6.03,6.03
2024-05-30,Uptown,Veggie Burger,Bob,4,10.24,40.96
2024-05-30,Downtown,Classic Burger,Charlie,5,11.5,57.5
2024-05-30,Downtown,Double Patty Burger,Diana,5,5.75,28.75
2024-05-30,Uptown,Double Patty Burger,Charlie,2,7.57,15.14
2024-05-30,Uptown,Double Patty Burger,Charlie,5,14.43,72.15
2024-05-31,Downtown,Cheese Burger,Charlie,1,14.32,14.32
2024-05-31,Uptown,Double Patty Burger,Bob,3,9.37,28.11
2024-05-31,Uptown,Veggie Burger,Evan,4,11.54,46.16
2024-05-31,Uptown,Cheese Burger,Charlie,3,7.23,21.69
2024-05-31,Midtown,Cheese Burger,Charlie,4,13.22,52.88
2024-05-31,Uptown,Veggie Burger,Alice,3,10.39,31.17
2024-06-01,Downtown,Classic Burger,Charlie,4,5.4,21.6
2024-06-01,Midtown,Cheese Burger,Bob,4,10.93,43.72
2024-06-01,Uptown,Double Patty Burger,Alice,2,9.64,19.28
2024-06-01,Uptown,Double Patty Burger,Bob,2,8.12,16.24
2024-06-01,Uptown,Double Patty Burger,Alice,1,14.81,14.81
2024-06-01,Downtown,Cheese Burger,Evan,5,11.62,58.1
2024-06-01,Uptown,Chicken Burger,Bob,5,6.25,31.25
2024-06-01,Midtown,Classic Burger,Evan,3,13.7,41.1
2024-06-01,Midtown,Double Patty Burger,Charlie,5,13.69,68.45
2024-06-01,Midtown,Cheese Burger,Bob,3,6.37,19.11
2024-06-01,Downtown,Veggie Burger,Alice,5,11.72,58.6
2024-06-02,Downtown,Veggie Burger,Evan,4,10.14,40.56
2024-06-02,Uptown,Cheese Burger,Alice,5,10.46,52.3
2024-06-02,Midtown,Cheese Burger,Bob,5,12.27,61.35
2024-06-02,Suburb,Chicken Burger,Evan,5,5.57,27.85
2024-06-02,Midtown,Classic Burger,Evan,4,6.09,24.36
2024-06-02,Midtown,Double Patty Burger,Alice,1,8.5,8.5
2024-06-02,Midtown,Veggie Burger,Evan,2,9.41,18.82
2024-06-02,Downtown,Veggie Burger,Diana,4,12.16,48.64
2024-06-02,Downtown,Double Patty Burger,Bob,2,8.52,17.04
2024-06-02,Midtown,Cheese Burger,Bob,1,12.59,12.59
2024-06-03,Midtown,Cheese Burger,Bob,4,8.43,33.72
2024-06-03,Downtown,Veggie Burger,Evan,2,11.18,22.36
2024-06-03,Uptown,Cheese Burger,Bob,2,13.34,26.68
2024-06-03,Suburb,Double Patty Burger,Diana,4,11.4,45.6
2024-06-03,Downtown,Veggie Burger,Alice,5,5.33,26.65
2024-06-04,Midtown,Veggie Burger,Charlie,4,5.48,21.92
2024-06-04,Downtown,Classic Burger,Bob,3,14.76,44.28
2024-06-04,Suburb,Veggie Burger,Alice,3,7.33,21.99
2024-06-04,Suburb,Classic Burger,Bob,3,13.33,39.99
2024-06-04,Uptown,Veggie Burger,Diana,3,14.28,42.84
2024-06-04,Downtown,Cheese Burger,Charlie,2,14.84,29.68
2024-06-04,Downtown,Cheese Burger,Bob,3,9.58,28.74
2024-06-04,Suburb,Classic Burger,Bob,1,6.03,6.03
2024-06-04,Midtown,Cheese Burger,Alice,4,10.46,41.84
2024-06-04,Downtown,Chicken Burger,Diana,5,8.02,40.1
2024-06-04,Suburb,Veggie Burger,Diana,1,10.75,10.75
2024-06-04,Suburb,Cheese Burger,Charlie,1,6.07,6.07
2024-06-04,Midtown,Veggie Burger,Evan,4,13.4,53.6
2024-06-05,Suburb,Chicken Burger,Diana,4,13.21,52.84
2024-06-05,Uptown,Classic Burger,Bob,2,11.77,23.54
2024-06-05,Suburb,Chicken Burger,Evan,2,9.56,19.12
2024-06-05,Suburb,Chicken Burger,Charlie,1,9.25,9.25
2024-06-05,Downtown,Double Patty Burger,Bob,4,5.07,20.28
2024-06-05,Uptown,Veggie Burger,Alice,3,7.26,21.78
2024-06-05,Uptown,Veggie Burger,Diana,2,6.07,12.14
2024-06-05,Midtown,Veggie Burger,Evan,2,8.83,17.66
2024-06-06,Uptown,Chicken Burger,Charlie,5,12.62,63.1
2024-06-06,Uptown,Cheese Burger,Charlie,1,14.53,14.53
2024-06-06,Uptown,Classic Burger,Alice,1,9.74,9.74
2024-06-06,Uptown,Classic Burger,Alice,5,11.33,56.65
2024-06-06,Uptown,Classic Burger,Bob,5,11.81,59.05
2024-06-06,Suburb,Cheese Burger,Bob,1,5.96,5.96
2024-06-06,Midtown,Veggie Burger,Charlie,3,13.69,41.07
2024-06-06,Uptown,Double Patty Burger,Bob,2,14.13,28.26
2024-06-06,Suburb,Cheese Burger,Alice,1,7.11,7.11
2024-06-06,Suburb,Classic Burger,Diana,4,14.16,56.64
2024-06-06,Suburb,Cheese Burger,Diana,5,6.36,31.8
2024-06-07,Uptown,Classic Burger,Charlie,2,7.72,15.44
2024-06-07,Midtown,Cheese Burger,Alice,5,5.88,29.4
2024-06-07,Uptown,Cheese Burger,Charlie,4,9.16,36.64
2024-06-07,Downtown,Chicken Burger,Charlie,1,5.19,5.19
2024-06-07,Uptown,Classic Burger,Diana,4,12.87,51.48
2024-06-07,Suburb,Cheese Burger,Evan,5,9.46,47.3
2024-06-07,Suburb,Cheese Burger,Charlie,1,12.53,12.53
2024-06-07,Uptown,Veggie Burger,Evan,3,9.75,29.25
2024-06-07,Uptown,Double Patty Burger,Charlie,4,10.95,43.8
2024-06-07,Uptown,Chicken Burger,Alice,4,11.04,44.16
2024-06-07,Midtown,Cheese Burger,Bob,2,6.44,12.88
2024-06-07,Suburb,Chicken Burger,Diana,5,7.36,36.8
2024-06-07,Uptown,Veggie Burger,Evan,4,11.22,44.88
2024-06-08,Downtown,Classic Burger,Charlie,4,12.17,48.68
2024-06-08,Midtown,Double Patty Burger,Charlie,3,5.09,15.27
2024-06-08,Suburb,Cheese Burger,Charlie,3,10.18,30.54
2024-06-08,Uptown,Double Patty Burger,Diana,1,6.46,6.46
2024-06-08,Downtown,Veggie Burger,Alice,2,6.78,13.56
2024-06-08,Suburb,Double Patty Burger,Bob,4,5.69,22.76
2024-06-09,Uptown,Double Patty Burger,Evan,4,11.69,46.76
2024-06-09,Midtown,Classic Burger,Charlie,2,7.04,14.08
2024-06-09,Uptown,Cheese Burger,Evan,1,9.8,9.8
2024-06-09,Downtown,Classic Burger,Bob,1,13.69,13.69
2024-06-09,Uptown,Cheese Burger,Bob,3,12.19,36.57
2024-06-10,Downtown,Double Patty Burger,Bob,2,10.33,20.66
2024-06-10,Midtown,Veggie Burger,Bob,1,11.23,11.23
2024-06-10,Downtown,Cheese Burger,Evan,3,5.51,16.53
2024-06-10,Suburb,Cheese Burger,Alice,5,14.34,71.7
2024-06-10,Uptown,Cheese Burger,Charlie,3,5.84,17.52
2024-06-10,Suburb,Veggie Burger,Alice,3,6.09,18.27
2024-06-10,Midtown,Classic Burger,Diana,4,11.48,45.92
2024-06-10,Midtown,Classic Burger,Diana,5,14.73,73.65
2024-06-10,Suburb,Double Patty Burger,Bob,4,5.79,23.16
2024-06-10,Uptown,Double Patty Burger,Evan,3,10.33,30.99
2024-06-10,Midtown,Cheese Burger,Evan,3,11.35,34.05
2024-06-10,Midtown,Chicken Burger,Bob,1,5.2,5.2
2024-06-10,Uptown,Classic Burger,Charlie,2,7.69,15.38
2024-06-10,Uptown,Veggie Burger,Bob,5,6.6,33.0
2024-06-11,Suburb,Classic Burger,Evan,3,11.33,33.99
2024-06-11,Uptown,Classic Burger,Evan,1,6.16,6.16
2024-06-11,Midtown,Cheese Burger,Charlie,4,9.84,39.36
2024-06-11,Downtown,Classic Burger,Charlie,2,14.36,28.72
2024-06-11,Suburb,Chicken Burger,Bob,5,7.89,39.45
2024-06-11,Midtown,Double Patty Burger,Charlie,3,6.5,19.5
2024-06-11,Suburb,Classic Burger,Evan,3,14.6,43.8
2024-06-11,Midtown,Veggie Burger,Alice,2,12.01,24.02
2024-06-11,Midtown,Veggie Burger,Bob,5,13.23,66.15
2024-06-11,Downtown,Chicken Burger,Evan,5,9.6,48.0
2024-06-11,Midtown,Double Patty Burger,Diana,2,6.26,12.52
2024-06-11,Downtown,Cheese Burger,Alice,1,13.19,13.19
2024-06-11,Downtown,Veggie Burger,Evan,5,7.13,35.65
2024-06-12,Downtown,Veggie Burger,Charlie,4,12.63,50.52
2024-06-12,Uptown,Double Patty Burger,Alice,3,11.22,33.66
2024-06-12,Suburb,Double Patty Burger,Alice,2,11.69,23.38
2024-06-12,Suburb,Cheese Burger,Diana,4,7.97,31.88
2024-06-12,Uptown,Classic Burger,Diana,1,6.02,6.02
2024-06-12,Midtown,Cheese Burger,Evan,4,8.56,34.24
2024-06-12,Uptown,Chicken Burger,Alice,5,7.36,36.8
2024-06-12,Downtown,Cheese Burger,Bob,1,8.85,8.85
2024-06-12,Suburb,Cheese Burger,Evan,4,7.89,31.56
2024-06-12,Midtown,Cheese Burger,Bob,5,12.59,62.95
2024-06-12,Uptown,Classic Burger,Alice,1,6.92,6.92
2024-06-12,Midtown,Classic Burger,Charlie,1,8.59,8.59
2024-06-12,Downtown,Chicken Burger,Charlie,5,9.93,49.65
2024-06-13,Midtown,Classic Burger,Bob,1,8.33,8.33
2024-06-13,Downtown,Classic Burger,Charlie,3,14.08,42.24
2024-06-13,Suburb,Double Patty Burger,Bob,4,10.57,42.28
2024-06-13,Uptown,Cheese Burger,Evan,3,8.05,24.15
2024-06-13,Uptown,Double Patty Burger,Evan,1,5.35,5.35
2024-06-13,Suburb,Veggie Burger,Bob,4,7.98,31.92
2024-06-14,Uptown,Veggie Burger,Diana,1,6.84,6.84
2024-06-14,Uptown,Veggie Burger,Diana,1,7.06,7.06
2024-06-14,Suburb,Double Patty Burger,Evan,3,9.89,29.67
2024-06-14,Midtown,Classic Burger,Alice,5,7.05,35.25
2024-06-14,Uptown,Double Patty Burger,Bob,1,6.98,6.98
2024-06-14,Uptown,Cheese Burger,Charlie,5,6.27,31.35
2024-06-14,Downtown,Chicken Burger,Bob,5,10.83,54.15
2024-06-14,Midtown,Classic Burger,Charlie,4,10.45,41.8
2024-06-14,Uptown,Double Patty Burger,Bob,1,11.59,11.59
2024-06-15,Suburb,Cheese Burger,Charlie,5,6.1,30.5
2024-06-15,Midtown,Veggie Burger,Alice,4,12.28,49.12
2024-06-15,Midtown,Chicken Burger,Charlie,5,7.01,35.05
2024-06-15,Downtown,Cheese Burger,Charlie,2,8.13,16.26
2024-06-15,Suburb,Chicken Burger,Diana,2,6.12,12.24
2024-06-15,Midtown,Cheese Burger,Charlie,3,9.71,29.13
2024-06-15,Uptown,Veggie Burger,Evan,3,12.83,38.49
2024-06-15,Midtown,Cheese Burger,Bob,3,14.94,44.82
2024-06-15,Midtown,Chicken Burger,Diana,3,5.5,16.5
2024-06-15,Uptown,Chicken Burger,Charlie,1,12.43,12.43
2024-06-15,Midtown,Veggie Burger,Evan,4,14.23,56.92
2024-06-15,Suburb,Cheese Burger,Evan,5,7.55,37.75
2024-06-16,Downtown,Classic Burger,Charlie,3,5.56,16.68
2024-06-16,Uptown,Cheese Burger,Alice,3,7.79,23.37
2024-06-16,Downtown,Veggie Burger,Bob,3,13.82,41.46
2024-06-16,Suburb,Double Patty Burger,Bob,2,12.23,24.46
2024-06-16,Downtown,Classic Burger,Diana,4,7.41,29.64
2024-06-16,Suburb,Veggie Burger,Charlie,2,5.93,11.86
2024-06-16,Suburb,Cheese Burger,Charlie,1,14.21,14.21
2024-06-16,Suburb,Classic Burger,Charlie,4,11.11,44.44
2024-06-16,Midtown,Double Patty Burger,Bob,3,11.5,34.5
2024-06-16,Midtown,Chicken Burger,Evan,2,7.59,15.18
2024-06-16,Uptown,Cheese Burger,Diana,2,13.89,27.78
2024-06-16,Downtown,Chicken Burger,Charlie,4,12.73,50.92
2024-06-17,Uptown,Cheese Burger,Alice,5,12.98,64.9
2024-06-17,Midtown,Chicken Burger,Diana,5,6.21,31.05
2024-06-17,Suburb,Cheese Burger,Bob,4,8.9,35.6
2024-06-17,Midtown,Chicken Burger,Evan,3,10.01,30.03
2024-06-17,Midtown,Cheese Burger,Bob,4,6.59,26.36
2024-06-18,Midtown,Double Patty Burger,Bob,2,12.29,24.58
2024-06-18,Downtown,Veggie Burger,Bob,1,6.67,6.67
2024-06-18,Uptown,Classic Burger,Diana,4,10.57,42.28
2024-06-18,Midtown,Veggie Burger,Bob,4,10.5,42.0
2024-06-18,Midtown,Chicken Burger,Evan,3,13.36,40.08
2024-06-18,Downtown,Cheese Burger,Charlie,3,6.91,20.73
2024-06-18,Uptown,Veggie Burger,Bob,4,14.81,59.24
2024-06-18,Midtown,Veggie Burger,Diana,5,14.41,72.05
2024-06-18,Uptown,Classic Burger,Bob,5,10.49,52.45
2024-06-18,Uptown,Chicken Burger,Evan,4,11.07,44.28
2024-06-18,Uptown,Chicken Burger,Evan,3,10.09,30.27
2024-06-18,Downtown,Veggie Burger,Diana,1,9.44,9.44
2024-06-19,Downtown,Classic Burger,Bob,2,8.03,16.06
2024-06-19,Midtown,Veggie Burger,Bob,5,14.93,74.65
2024-06-19,Uptown,Classic Burger,Charlie,4,11.72,46.88
2024-06-19,Uptown,Cheese Burger,Charlie,3,11.31,33.93
2024-06-19,Uptown,Double Patty Burger,Charlie,4,8.67,34.68
2024-06-19,Suburb,Chicken Burger,Alice,1,10.24,10.24
2024-06-19,Suburb,Double Patty Burger,Alice,1,14.33,14.33
2024-06-19,Downtown,Double Patty Burger,Evan,2,11.48,22.96
2024-06-19,Uptown,Veggie Burger,Alice,5,10.46,52.3
2024-06-20,Midtown,Cheese Burger,Alice,1,8.15,8.15
2024-06-20,Midtown,Chicken Burger,Bob,1,7.37,7.37
2024-06-20,Downtown,Veggie Burger,Diana,5,7.43,37.15
2024-06-20,Midtown,Classic Burger,Diana,5,7.86,39.3
2024-06-20,Suburb,Veggie Burger,Evan,4,11.51,46.04
2024-06-20,Midtown,Chicken Burger,Diana,5,14.8,74.0
2024-06-20,Downtown,Cheese Burger,Evan,3,6.75,20.25
2024-06-20,Midtown,Veggie Burger,Bob,2,10.41,20.82
2024-06-20,Downtown,Cheese Burger,Evan,5,11.74,58.7
2024-06-20,Suburb,Classic Burger,Diana,1,10.42,10.42
2024-06-20,Midtown,Double Patty Burger,Bob,4,13.01,52.04
2024-06-20,Midtown,Classic Burger,Diana,2,11.64,23.28
2024-06-20,Downtown,Veggie Burger,Alice,5,12.18,60.9
2024-06-21,Suburb,Cheese Burger,Charlie,5,6.74,33.7
2024-06-21,Midtown,Classic Burger,Charlie,3,13.92,41.76
2024-06-21,Midtown,Veggie Burger,Evan,5,13.33,66.65
2024-06-21,Uptown,Classic Burger,Diana,3,11.34,34.02
2024-06-21,Downtown,Cheese Burger,Diana,3,8.3,24.9
2024-06-21,Midtown,Chicken Burger,Bob,5,11.84,59.2
2024-06-21,Midtown,Double Patty Burger,Bob,4,14.6,58.4
2024-06-21,Suburb,Veggie Burger,Evan,5,14.41,72.05
2024-06-21,Uptown,Chicken Burger,Diana,4,6.9,27.6
2024-06-22,Midtown,Cheese Burger,Diana,1,12.35,12.35
2024-06-22,Midtown,Cheese Burger,Diana,3,6.37,19.11
2024-06-22,Uptown,Classic Burger,Evan,2,8.87,17.74
2024-06-22,Downtown,Cheese Burger,Diana,3,7.52,22.56
2024-06-22,Downtown,Chicken Burger,Evan,4,11.18,44.72
2024-06-22,Suburb,Double Patty Burger,Alice,2,6.26,12.52
2024-06-22,Suburb,Veggie Burger,Diana,3,6.98,20.94
2024-06-22,Downtown,Cheese Burger,Bob,3,11.22,33.66
2024-06-22,Downtown,Veggie Burger,Diana,2,5.5,11.0
2024-06-22,Uptown,Classic Burger,Alice,5,9.06,45.3
2024-06-22,Uptown,Chicken Burger,Bob,1,7.65,7.65
2024-06-22,Suburb,Classic Burger,Charlie,2,9.87,19.74
2024-06-22,Suburb,Cheese Burger,Evan,4,8.57,34.28
2024-06-23,Suburb,Cheese Burger,Charlie,3,10.47,31.41
2024-06-23,Midtown,Cheese Burger,Diana,5,11.22,56.1
2024-06-23,Suburb,Chicken Burger,Evan,3,11.3,33.9
2024-06-23,Downtown,Veggie Burger,Charlie,2,9.92,19.84
2024-06-23,Midtown,Classic Burger,Alice,4,5.66,22.64
2024-06-24,Uptown,Classic Burger,Alice,4,9.44,37.76
2024-06-24,Suburb,Classic Burger,Bob,1,14.63,14.63
2024-06-24,Midtown,Classic Burger,Bob,3,5.36,16.08
2024-06-24,Midtown,Chicken Burger,Diana,4,14.15,56.6
2024-06-24,Midtown,Veggie Burger,Bob,5,5.52,27.6
2024-06-24,Suburb,Classic Burger,Diana,2,12.99,25.98
2024-06-24,Midtown,Double Patty Burger,Evan,2,7.09,14.18
2024-06-24,Downtown,Veggie Burger,Bob,4,7.12,28.48
2024-06-24,Uptown,Double Patty Burger,Evan,5,14.99,74.95
2024-06-24,Suburb,Chicken Burger,Charlie,5,13.58,67.9
2024-06-24,Downtown,Veggie Burger,Evan,2,5.75,11.5
2024-06-25,Midtown,Veggie Burger,Evan,3,9.6,28.8
2024-06-25,Midtown,Chicken Burger,Bob,1,10.59,10.59
2024-06-25,Downtown,Chicken Burger,Alice,1,11.96,11.96
2024-06-25,Downtown,Veggie Burger,Bob,2,9.42,18.84
2024-06-25,Downtown,Classic Burger,Evan,5,10.86,54.3
2024-06-25,Suburb,Veggie Burger,Bob,1,12.13,12.13
2024-06-25,Midtown,Classic Burger,Evan,4,14.55,58.2
2024-06-25,Downtown,Classic Burger,Evan,1,9.03,9.03
2024-06-25,Uptown,Double Patty Burger,Diana,4,13.19,52.76
2024-06-25,Downtown,Double Patty Burger,Evan,1,12.48,12.48
2024-06-25,Midtown,Chicken Burger,Alice,4,11.37,45.48
2024-06-26,Suburb,Double Patty Burger,Diana,3,13.82,41.46
2024-06-26,Downtown,Cheese Burger,Diana,2,11.69,23.38
2024-06-26,Uptown,Classic Burger,Charlie,5,5.49,27.45
2024-06-26,Uptown,Double Patty Burger,Charlie,1,9.54,9.54
2024-06-26,Suburb,Veggie Burger,Charlie,1,12.49,12.49
2024-06-26,Suburb,Chicken Burger,Diana,4,14.21,56.84
2024-06-26,Downtown,Classic Burger,Evan,1,14.44,14.44
2024-06-26,Suburb,Veggie Burger,Alice,1,9.75,9.75
2024-06-26,Uptown,Veggie Burger,Diana,4,14.37,57.48
2024-06-26,Midtown,Veggie Burger,Bob,1,7.48,7.48
2024-06-26,Uptown,Classic Burger,Bob,1,7.0,7.0
2024-06-26,Downtown,Cheese Burger,Charlie,5,11.52,57.6
2024-06-27,Uptown,Classic Burger,Diana,4,7.86,31.44
2024-06-27,Uptown,Veggie Burger,Diana,2,12.43,24.86
2024-06-27,Midtown,Veggie Burger,Diana,4,10.49,41.96
2024-06-27,Downtown,Cheese Burger,Alice,2,5.69,11.38
2024-06-27,Downtown,Double Patty Burger,Alice,2,9.5,19.0
2024-06-27,Uptown,Veggie Burger,Charlie,3,5.9,17.7
2024-06-27,Midtown,Double Patty Burger,Diana,4,13.96,55.84
2024-06-28,Uptown,Cheese Burger,Bob,2,8.21,16.42
2024-06-28,Suburb,Cheese Burger,Diana,2,10.21,20.42
2024-06-28,Midtown,Cheese Burger,Evan,3,10.6,31.8
2024-06-28,Suburb,Classic Burger,Charlie,2,8.88,17.76
2024-06-28,Downtown,Double Patty Burger,Diana,4,12.44,49.76
2024-06-28,Uptown,Classic Burger,Alice,4,7.46,29.84
2024-06-28,Suburb,Chicken Burger,Evan,5,7.53,37.65
2024-06-28,Uptown,Cheese Burger,Alice,1,12.52,12.52
2024-06-28,Midtown,Veggie Burger,Evan,5,10.3,51.5
2024-06-28,Uptown,Cheese Burger,Diana,5,10.43,52.15
2024-06-28,Suburb,Cheese Burger,Charlie,2,7.18,14.36
2024-06-28,Midtown,Cheese Burger,Bob,2,11.62,23.24
2024-06-28,Suburb,Double Patty Burger,Bob,2,7.95,15.9
2024-06-29,Midtown,Chicken Burger,Charlie,1,9.06,9.06
2024-06-29,Uptown,Classic Burger,Alice,1,7.67,7.67
2024-06-29,Midtown,Chicken Burger,Diana,5,5.99,29.95
2024-06-29,Downtown,Cheese Burger,Diana,2,13.57,27.14
2024-06-29,Downtown,Veggie Burger,Evan,1,13.87,13.87
2024-06-29,Midtown,Veggie Burger,Evan,5,10.96,54.8
2024-06-29,Uptown,Double Patty Burger,Evan,1,13.58,13.58
2024-06-29,Midtown,Chicken Burger,Diana,2,5.11,10.22
2024-06-29,Uptown,Chicken Burger,Evan,4,12.09,48.36
2024-06-29,Downtown,Cheese Burger,Evan,3,9.42,28.26
2024-06-29,Suburb,Classic Burger,Bob,3,12.9,38.7
2024-06-29,Midtown,Classic Burger,Evan,2,14.95,29.9
2024-06-30,Downtown,Chicken Burger,Charlie,1,12.25,12.25
2024-06-30,Uptown,Classic Burger,Diana,1,6.76,6.76
2024-06-30,Uptown,Cheese Burger,Alice,4,5.63,22.52
2024-06-30,Downtown,Veggie Burger,Diana,5,7.85,39.25
2024-06-30,Downtown,Double Patty Burger,Bob,4,7.32,29.28
2024-06-30,Midtown,Cheese Burger,Diana,5,13.7,68.5
2024-06-30,Uptown,Chicken Burger,Charlie,2,5.15,10.3
2024-06-30,Midtown,Cheese Burger,Bob,2,6.38,12.76
2024-06-30,Downtown,Double Patty Burger,Alice,4,7.74,30.96
